summary,config,name,state,created_at,run_id
"{'_runtime': 2754, '_step': 5000, '_timestamp': 1778081246.598457, '_wandb': {'runtime': 2754}, 'final_val_bpb': 1.3281094659309187, 'final_val_loss': 2.2424572009798434, 'lr_scale': 0.0013333333333333333, 'quant_baseline_bytes': 67191072, 'quant_compression_ratio': 3.938450717104291, 'quant_file_bytes': 13839115, 'quant_int8_payload_bytes': 17060280, 'quant_num_float_tensors': 92, 'quant_param_count': 17059912, 'tokens_seen': 655360000, 'train_loss': 2.1278560161590576, 'val_bpb': 1.3062819887358654, 'val_loss': 2.205602420051856}","{'seed': 1337, 'beta1': 0.9, 'beta2': 0.95, 'seeds': [1337, 42, 123], 'run_id': 'quant_design_8_per_tensor_symmetric_uncalibrated_seed1337', 'head_lr': 0.008, 'adam_eps': 1e-08, 'embed_lr': 0.6, 'mlp_mult': 2, 'data_path': './data/datasets/fineweb10B_sp1024', 'matrix_lr': 0.04, 'model_dim': 512, 'num_heads': 8, 'rope_base': 10000, 'scalar_lr': 0.04, 'val_files': './data/datasets/fineweb10B_sp1024/fineweb_val_*.bin', 'iterations': 5000, 'num_layers': 9, 'vocab_size': 1024, 'base_run_id': 'quant_design_8_per_tensor_symmetric_uncalibrated', 'train_files': './data/datasets/fineweb10B_sp1024/fineweb_train_*.bin', 'num_kv_heads': 4, 'qk_gain_init': 1.5, 'warmup_steps': 20, 'logit_softcap': 30, 'muon_momentum': 0.95, 'tied_embed_lr': 0.05, 'train_seq_len': 1024, 'grad_clip_norm': 0, 'quant_symmetry': 'symmetric', 'tie_embeddings': True, 'tokenizer_path': './data/tokenizers/fineweb_1024_bpe.model', 'val_batch_size': 524288, 'val_loss_every': 500, 'warmdown_iters': 750, 'train_log_every': 200, 'matrix_quant_bits': 8, 'quant_calibration': 'uncalibrated', 'quant_granularity': 'per_tensor', 'muon_backend_steps': 5, 'train_batch_tokens': 131072, 'tied_embed_init_std': 0.005, 'max_wallclock_seconds': 0, 'muon_momentum_warmup_start': 0.85, 'muon_momentum_warmup_steps': 500}",quant_design_8_per_tensor_symmetric_uncalibrated_seed1337,finished,2026-05-06T14:41:31Z,l4ch7xbc
"{'_runtime': 2665, '_step': 5000, '_timestamp': 1778083914.5988655, '_wandb': {'runtime': 2665}, 'final_val_bpb': 1.3329141491221732, 'final_val_loss': 2.2505697072882773, 'lr_scale': 0.0013333333333333333, 'quant_baseline_bytes': 67191072, 'quant_compression_ratio': 3.938450717104291, 'quant_file_bytes': 13838987, 'quant_int8_payload_bytes': 17060280, 'quant_num_float_tensors': 92, 'quant_param_count': 17059912, 'tokens_seen': 655360000, 'train_loss': 2.128718376159668, 'val_bpb': 1.307512702940691, 'val_loss': 2.207680429434181}","{'seed': 42, 'beta1': 0.9, 'beta2': 0.95, 'seeds': [1337, 42, 123], 'run_id': 'quant_design_8_per_tensor_symmetric_uncalibrated_seed42', 'head_lr': 0.008, 'adam_eps': 1e-08, 'embed_lr': 0.6, 'mlp_mult': 2, 'data_path': './data/datasets/fineweb10B_sp1024', 'matrix_lr': 0.04, 'model_dim': 512, 'num_heads': 8, 'rope_base': 10000, 'scalar_lr': 0.04, 'val_files': './data/datasets/fineweb10B_sp1024/fineweb_val_*.bin', 'iterations': 5000, 'num_layers': 9, 'vocab_size': 1024, 'base_run_id': 'quant_design_8_per_tensor_symmetric_uncalibrated', 'train_files': './data/datasets/fineweb10B_sp1024/fineweb_train_*.bin', 'num_kv_heads': 4, 'qk_gain_init': 1.5, 'warmup_steps': 20, 'logit_softcap': 30, 'muon_momentum': 0.95, 'tied_embed_lr': 0.05, 'train_seq_len': 1024, 'grad_clip_norm': 0, 'quant_symmetry': 'symmetric', 'tie_embeddings': True, 'tokenizer_path': './data/tokenizers/fineweb_1024_bpe.model', 'val_batch_size': 524288, 'val_loss_every': 500, 'warmdown_iters': 750, 'train_log_every': 200, 'matrix_quant_bits': 8, 'quant_calibration': 'uncalibrated', 'quant_granularity': 'per_tensor', 'muon_backend_steps': 5, 'train_batch_tokens': 131072, 'tied_embed_init_std': 0.005, 'max_wallclock_seconds': 0, 'muon_momentum_warmup_start': 0.85, 'muon_momentum_warmup_steps': 500}",quant_design_8_per_tensor_symmetric_uncalibrated_seed42,finished,2026-05-06T15:27:29Z,mf1vm6qu
"{'_runtime': 2663, '_step': 5000, '_timestamp': 1778086581.1579397, '_wandb': {'runtime': 2663}, 'final_val_bpb': 1.3267971809813135, 'final_val_loss': 2.240241462811818, 'lr_scale': 0.0013333333333333333, 'quant_baseline_bytes': 67191072, 'quant_compression_ratio': 3.938450717104291, 'quant_file_bytes': 13733199, 'quant_int8_payload_bytes': 17060280, 'quant_num_float_tensors': 92, 'quant_param_count': 17059912, 'tokens_seen': 655360000, 'train_loss': 2.1250739097595215, 'val_bpb': 1.3052800466686252, 'val_loss': 2.203910682840968}","{'seed': 123, 'beta1': 0.9, 'beta2': 0.95, 'seeds': [1337, 42, 123], 'run_id': 'quant_design_8_per_tensor_symmetric_uncalibrated_seed123', 'head_lr': 0.008, 'adam_eps': 1e-08, 'embed_lr': 0.6, 'mlp_mult': 2, 'data_path': './data/datasets/fineweb10B_sp1024', 'matrix_lr': 0.04, 'model_dim': 512, 'num_heads': 8, 'rope_base': 10000, 'scalar_lr': 0.04, 'val_files': './data/datasets/fineweb10B_sp1024/fineweb_val_*.bin', 'iterations': 5000, 'num_layers': 9, 'vocab_size': 1024, 'base_run_id': 'quant_design_8_per_tensor_symmetric_uncalibrated', 'train_files': './data/datasets/fineweb10B_sp1024/fineweb_train_*.bin', 'num_kv_heads': 4, 'qk_gain_init': 1.5, 'warmup_steps': 20, 'logit_softcap': 30, 'muon_momentum': 0.95, 'tied_embed_lr': 0.05, 'train_seq_len': 1024, 'grad_clip_norm': 0, 'quant_symmetry': 'symmetric', 'tie_embeddings': True, 'tokenizer_path': './data/tokenizers/fineweb_1024_bpe.model', 'val_batch_size': 524288, 'val_loss_every': 500, 'warmdown_iters': 750, 'train_log_every': 200, 'matrix_quant_bits': 8, 'quant_calibration': 'uncalibrated', 'quant_granularity': 'per_tensor', 'muon_backend_steps': 5, 'train_batch_tokens': 131072, 'tied_embed_init_std': 0.005, 'max_wallclock_seconds': 0, 'muon_momentum_warmup_start': 0.85, 'muon_momentum_warmup_steps': 500}",quant_design_8_per_tensor_symmetric_uncalibrated_seed123,finished,2026-05-06T16:11:56Z,2vmyn7kb
"{'_runtime': 2690, '_step': 5000, '_timestamp': 1778089315.7339537, '_wandb': {'runtime': 2690}, 'final_val_bpb': 1.3242092165018762, 'final_val_loss': 2.2358717931937138, 'lr_scale': 0.0013333333333333333, 'quant_baseline_bytes': 67191072, 'quant_compression_ratio': 3.938450717104291, 'quant_file_bytes': 13989952, 'quant_int8_payload_bytes': 17060280, 'quant_num_float_tensors': 92, 'quant_param_count': 17059912, 'tokens_seen': 655360000, 'train_loss': 2.128446340560913, 'val_bpb': 1.3063505370903024, 'val_loss': 2.2057181610769487}","{'seed': 1337, 'beta1': 0.9, 'beta2': 0.95, 'seeds': [1337, 42, 123], 'run_id': 'quant_design_8_per_tensor_symmetric_percentile_seed1337', 'head_lr': 0.008, 'adam_eps': 1e-08, 'embed_lr': 0.6, 'mlp_mult': 2, 'data_path': './data/datasets/fineweb10B_sp1024', 'matrix_lr': 0.04, 'model_dim': 512, 'num_heads': 8, 'rope_base': 10000, 'scalar_lr': 0.04, 'val_files': './data/datasets/fineweb10B_sp1024/fineweb_val_*.bin', 'iterations': 5000, 'num_layers': 9, 'vocab_size': 1024, 'base_run_id': 'quant_design_8_per_tensor_symmetric_percentile', 'train_files': './data/datasets/fineweb10B_sp1024/fineweb_train_*.bin', 'num_kv_heads': 4, 'qk_gain_init': 1.5, 'warmup_steps': 20, 'logit_softcap': 30, 'muon_momentum': 0.95, 'tied_embed_lr': 0.05, 'train_seq_len': 1024, 'grad_clip_norm': 0, 'quant_symmetry': 'symmetric', 'tie_embeddings': True, 'tokenizer_path': './data/tokenizers/fineweb_1024_bpe.model', 'val_batch_size': 524288, 'val_loss_every': 500, 'warmdown_iters': 750, 'train_log_every': 200, 'matrix_quant_bits': 8, 'quant_calibration': 'percentile', 'quant_granularity': 'per_tensor', 'muon_backend_steps': 5, 'train_batch_tokens': 131072, 'tied_embed_init_std': 0.005, 'max_wallclock_seconds': 0, 'muon_momentum_warmup_start': 0.85, 'muon_momentum_warmup_steps': 500}",quant_design_8_per_tensor_symmetric_percentile_seed1337,finished,2026-05-06T16:57:04Z,qdd3wvrd
"{'_runtime': 2664, '_step': 5000, '_timestamp': 1778091982.1250565, '_wandb': {'runtime': 2664}, 'final_val_bpb': 1.332405854391627, 'final_val_loss': 2.249711472927351, 'lr_scale': 0.0013333333333333333, 'quant_baseline_bytes': 67191072, 'quant_compression_ratio': 3.938450717104291, 'quant_file_bytes': 14065571, 'quant_int8_payload_bytes': 17060280, 'quant_num_float_tensors': 92, 'quant_param_count': 17059912, 'tokens_seen': 655360000, 'train_loss': 2.1311044692993164, 'val_bpb': 1.3079989288784473, 'val_loss': 2.2085014015629056}","{'seed': 42, 'beta1': 0.9, 'beta2': 0.95, 'seeds': [1337, 42, 123], 'run_id': 'quant_design_8_per_tensor_symmetric_percentile_seed42', 'head_lr': 0.008, 'adam_eps': 1e-08, 'embed_lr': 0.6, 'mlp_mult': 2, 'data_path': './data/datasets/fineweb10B_sp1024', 'matrix_lr': 0.04, 'model_dim': 512, 'num_heads': 8, 'rope_base': 10000, 'scalar_lr': 0.04, 'val_files': './data/datasets/fineweb10B_sp1024/fineweb_val_*.bin', 'iterations': 5000, 'num_layers': 9, 'vocab_size': 1024, 'base_run_id': 'quant_design_8_per_tensor_symmetric_percentile', 'train_files': './data/datasets/fineweb10B_sp1024/fineweb_train_*.bin', 'num_kv_heads': 4, 'qk_gain_init': 1.5, 'warmup_steps': 20, 'logit_softcap': 30, 'muon_momentum': 0.95, 'tied_embed_lr': 0.05, 'train_seq_len': 1024, 'grad_clip_norm': 0, 'quant_symmetry': 'symmetric', 'tie_embeddings': True, 'tokenizer_path': './data/tokenizers/fineweb_1024_bpe.model', 'val_batch_size': 524288, 'val_loss_every': 500, 'warmdown_iters': 750, 'train_log_every': 200, 'matrix_quant_bits': 8, 'quant_calibration': 'percentile', 'quant_granularity': 'per_tensor', 'muon_backend_steps': 5, 'train_batch_tokens': 131072, 'tied_embed_init_std': 0.005, 'max_wallclock_seconds': 0, 'muon_momentum_warmup_start': 0.85, 'muon_momentum_warmup_steps': 500}",quant_design_8_per_tensor_symmetric_percentile_seed42,finished,2026-05-06T17:41:57Z,3hl8sp2f
"{'_runtime': 2662, '_step': 5000, '_timestamp': 1778094647.6107855, '_wandb': {'runtime': 2662}, 'final_val_bpb': 1.3220168021936258, 'final_val_loss': 2.2321699934707357, 'lr_scale': 0.0013333333333333333, 'quant_baseline_bytes': 67191072, 'quant_compression_ratio': 3.938450717104291, 'quant_file_bytes': 14013615, 'quant_int8_payload_bytes': 17060280, 'quant_num_float_tensors': 92, 'quant_param_count': 17059912, 'tokens_seen': 655360000, 'train_loss': 2.125436305999756, 'val_bpb': 1.3052529564195294, 'val_loss': 2.203864942090134}","{'seed': 123, 'beta1': 0.9, 'beta2': 0.95, 'seeds': [1337, 42, 123], 'run_id': 'quant_design_8_per_tensor_symmetric_percentile_seed123', 'head_lr': 0.008, 'adam_eps': 1e-08, 'embed_lr': 0.6, 'mlp_mult': 2, 'data_path': './data/datasets/fineweb10B_sp1024', 'matrix_lr': 0.04, 'model_dim': 512, 'num_heads': 8, 'rope_base': 10000, 'scalar_lr': 0.04, 'val_files': './data/datasets/fineweb10B_sp1024/fineweb_val_*.bin', 'iterations': 5000, 'num_layers': 9, 'vocab_size': 1024, 'base_run_id': 'quant_design_8_per_tensor_symmetric_percentile', 'train_files': './data/datasets/fineweb10B_sp1024/fineweb_train_*.bin', 'num_kv_heads': 4, 'qk_gain_init': 1.5, 'warmup_steps': 20, 'logit_softcap': 30, 'muon_momentum': 0.95, 'tied_embed_lr': 0.05, 'train_seq_len': 1024, 'grad_clip_norm': 0, 'quant_symmetry': 'symmetric', 'tie_embeddings': True, 'tokenizer_path': './data/tokenizers/fineweb_1024_bpe.model', 'val_batch_size': 524288, 'val_loss_every': 500, 'warmdown_iters': 750, 'train_log_every': 200, 'matrix_quant_bits': 8, 'quant_calibration': 'percentile', 'quant_granularity': 'per_tensor', 'muon_backend_steps': 5, 'train_batch_tokens': 131072, 'tied_embed_init_std': 0.005, 'max_wallclock_seconds': 0, 'muon_momentum_warmup_start': 0.85, 'muon_momentum_warmup_steps': 500}",quant_design_8_per_tensor_symmetric_percentile_seed123,finished,2026-05-06T18:26:25Z,wxzvr3oe
"{'_runtime': 2687, '_step': 5000, '_timestamp': 1778097384.550657, '_wandb': {'runtime': 2687}, 'final_val_bpb': 4.105208045497299, 'final_val_loss': 6.931471824645996, 'lr_scale': 0.0013333333333333333, 'quant_baseline_bytes': 67191072, 'quant_compression_ratio': 3.938450717104291, 'quant_file_bytes': 14036636, 'quant_int8_payload_bytes': 17060280, 'quant_num_float_tensors': 92, 'quant_param_count': 17059912, 'tokens_seen': 655360000, 'train_loss': 2.128312587738037, 'val_bpb': 1.3066854815574604, 'val_loss': 2.206283700779492}","{'seed': 1337, 'beta1': 0.9, 'beta2': 0.95, 'seeds': [1337, 42, 123], 'run_id': 'quant_design_8_per_tensor_asymmetric_uncalibrated_seed1337', 'head_lr': 0.008, 'adam_eps': 1e-08, 'embed_lr': 0.6, 'mlp_mult': 2, 'data_path': './data/datasets/fineweb10B_sp1024', 'matrix_lr': 0.04, 'model_dim': 512, 'num_heads': 8, 'rope_base': 10000, 'scalar_lr': 0.04, 'val_files': './data/datasets/fineweb10B_sp1024/fineweb_val_*.bin', 'iterations': 5000, 'num_layers': 9, 'vocab_size': 1024, 'base_run_id': 'quant_design_8_per_tensor_asymmetric_uncalibrated', 'train_files': './data/datasets/fineweb10B_sp1024/fineweb_train_*.bin', 'num_kv_heads': 4, 'qk_gain_init': 1.5, 'warmup_steps': 20, 'logit_softcap': 30, 'muon_momentum': 0.95, 'tied_embed_lr': 0.05, 'train_seq_len': 1024, 'grad_clip_norm': 0, 'quant_symmetry': 'asymmetric', 'tie_embeddings': True, 'tokenizer_path': './data/tokenizers/fineweb_1024_bpe.model', 'val_batch_size': 524288, 'val_loss_every': 500, 'warmdown_iters': 750, 'train_log_every': 200, 'matrix_quant_bits': 8, 'quant_calibration': 'uncalibrated', 'quant_granularity': 'per_tensor', 'muon_backend_steps': 5, 'train_batch_tokens': 131072, 'tied_embed_init_std': 0.005, 'max_wallclock_seconds': 0, 'muon_momentum_warmup_start': 0.85, 'muon_momentum_warmup_steps': 500}",quant_design_8_per_tensor_asymmetric_uncalibrated_seed1337,finished,2026-05-06T19:11:36Z,q89t3js7
"{'_runtime': 2658, '_step': 5000, '_timestamp': 1778100044.9718726, '_wandb': {'runtime': 2658}, 'final_val_bpb': 4.105208045497299, 'final_val_loss': 6.931471824645996, 'lr_scale': 0.0013333333333333333, 'quant_baseline_bytes': 67191072, 'quant_compression_ratio': 3.938450717104291, 'quant_file_bytes': 14116220, 'quant_int8_payload_bytes': 17060280, 'quant_num_float_tensors': 92, 'quant_param_count': 17059912, 'tokens_seen': 655360000, 'train_loss': 2.129671335220337, 'val_bpb': 1.3078685208547118, 'val_loss': 2.2082812130773983}","{'seed': 42, 'beta1': 0.9, 'beta2': 0.95, 'seeds': [1337, 42, 123], 'run_id': 'quant_design_8_per_tensor_asymmetric_uncalibrated_seed42', 'head_lr': 0.008, 'adam_eps': 1e-08, 'embed_lr': 0.6, 'mlp_mult': 2, 'data_path': './data/datasets/fineweb10B_sp1024', 'matrix_lr': 0.04, 'model_dim': 512, 'num_heads': 8, 'rope_base': 10000, 'scalar_lr': 0.04, 'val_files': './data/datasets/fineweb10B_sp1024/fineweb_val_*.bin', 'iterations': 5000, 'num_layers': 9, 'vocab_size': 1024, 'base_run_id': 'quant_design_8_per_tensor_asymmetric_uncalibrated', 'train_files': './data/datasets/fineweb10B_sp1024/fineweb_train_*.bin', 'num_kv_heads': 4, 'qk_gain_init': 1.5, 'warmup_steps': 20, 'logit_softcap': 30, 'muon_momentum': 0.95, 'tied_embed_lr': 0.05, 'train_seq_len': 1024, 'grad_clip_norm': 0, 'quant_symmetry': 'asymmetric', 'tie_embeddings': True, 'tokenizer_path': './data/tokenizers/fineweb_1024_bpe.model', 'val_batch_size': 524288, 'val_loss_every': 500, 'warmdown_iters': 750, 'train_log_every': 200, 'matrix_quant_bits': 8, 'quant_calibration': 'uncalibrated', 'quant_granularity': 'per_tensor', 'muon_backend_steps': 5, 'train_batch_tokens': 131072, 'tied_embed_init_std': 0.005, 'max_wallclock_seconds': 0, 'muon_momentum_warmup_start': 0.85, 'muon_momentum_warmup_steps': 500}",quant_design_8_per_tensor_asymmetric_uncalibrated_seed42,finished,2026-05-06T19:56:26Z,r9zmptuw
"{'_runtime': 2658, '_step': 5000, '_timestamp': 1778102706.3272853, '_wandb': {'runtime': 2658}, 'final_val_bpb': 4.105208045497299, 'final_val_loss': 6.931471824645996, 'lr_scale': 0.0013333333333333333, 'quant_baseline_bytes': 67191072, 'quant_compression_ratio': 3.938450717104291, 'quant_file_bytes': 14058303, 'quant_int8_payload_bytes': 17060280, 'quant_num_float_tensors': 92, 'quant_param_count': 17059912, 'tokens_seen': 655360000, 'train_loss': 2.1245007514953613, 'val_bpb': 1.305364262203228, 'val_loss': 2.2040528772434995}","{'seed': 123, 'beta1': 0.9, 'beta2': 0.95, 'seeds': [1337, 42, 123], 'run_id': 'quant_design_8_per_tensor_asymmetric_uncalibrated_seed123', 'head_lr': 0.008, 'adam_eps': 1e-08, 'embed_lr': 0.6, 'mlp_mult': 2, 'data_path': './data/datasets/fineweb10B_sp1024', 'matrix_lr': 0.04, 'model_dim': 512, 'num_heads': 8, 'rope_base': 10000, 'scalar_lr': 0.04, 'val_files': './data/datasets/fineweb10B_sp1024/fineweb_val_*.bin', 'iterations': 5000, 'num_layers': 9, 'vocab_size': 1024, 'base_run_id': 'quant_design_8_per_tensor_asymmetric_uncalibrated', 'train_files': './data/datasets/fineweb10B_sp1024/fineweb_train_*.bin', 'num_kv_heads': 4, 'qk_gain_init': 1.5, 'warmup_steps': 20, 'logit_softcap': 30, 'muon_momentum': 0.95, 'tied_embed_lr': 0.05, 'train_seq_len': 1024, 'grad_clip_norm': 0, 'quant_symmetry': 'asymmetric', 'tie_embeddings': True, 'tokenizer_path': './data/tokenizers/fineweb_1024_bpe.model', 'val_batch_size': 524288, 'val_loss_every': 500, 'warmdown_iters': 750, 'train_log_every': 200, 'matrix_quant_bits': 8, 'quant_calibration': 'uncalibrated', 'quant_granularity': 'per_tensor', 'muon_backend_steps': 5, 'train_batch_tokens': 131072, 'tied_embed_init_std': 0.005, 'max_wallclock_seconds': 0, 'muon_momentum_warmup_start': 0.85, 'muon_momentum_warmup_steps': 500}",quant_design_8_per_tensor_asymmetric_uncalibrated_seed123,finished,2026-05-06T20:40:47Z,7nr8azv1
"{'_runtime': 2687, '_step': 5000, '_timestamp': 1778105442.0485215, '_wandb': {'runtime': 2687}, 'final_val_bpb': 4.105208045497299, 'final_val_loss': 6.931471824645996, 'lr_scale': 0.0013333333333333333, 'quant_baseline_bytes': 67191072, 'quant_compression_ratio': 3.938450717104291, 'quant_file_bytes': 14157145, 'quant_int8_payload_bytes': 17060280, 'quant_num_float_tensors': 92, 'quant_param_count': 17059912, 'tokens_seen': 655360000, 'train_loss': 2.129586935043335, 'val_bpb': 1.3063314410982707, 'val_loss': 2.205685918294302}","{'seed': 1337, 'beta1': 0.9, 'beta2': 0.95, 'seeds': [1337, 42, 123], 'run_id': 'quant_design_8_per_tensor_asymmetric_percentile_seed1337', 'head_lr': 0.008, 'adam_eps': 1e-08, 'embed_lr': 0.6, 'mlp_mult': 2, 'data_path': './data/datasets/fineweb10B_sp1024', 'matrix_lr': 0.04, 'model_dim': 512, 'num_heads': 8, 'rope_base': 10000, 'scalar_lr': 0.04, 'val_files': './data/datasets/fineweb10B_sp1024/fineweb_val_*.bin', 'iterations': 5000, 'num_layers': 9, 'vocab_size': 1024, 'base_run_id': 'quant_design_8_per_tensor_asymmetric_percentile', 'train_files': './data/datasets/fineweb10B_sp1024/fineweb_train_*.bin', 'num_kv_heads': 4, 'qk_gain_init': 1.5, 'warmup_steps': 20, 'logit_softcap': 30, 'muon_momentum': 0.95, 'tied_embed_lr': 0.05, 'train_seq_len': 1024, 'grad_clip_norm': 0, 'quant_symmetry': 'asymmetric', 'tie_embeddings': True, 'tokenizer_path': './data/tokenizers/fineweb_1024_bpe.model', 'val_batch_size': 524288, 'val_loss_every': 500, 'warmdown_iters': 750, 'train_log_every': 200, 'matrix_quant_bits': 8, 'quant_calibration': 'percentile', 'quant_granularity': 'per_tensor', 'muon_backend_steps': 5, 'train_batch_tokens': 131072, 'tied_embed_init_std': 0.005, 'max_wallclock_seconds': 0, 'muon_momentum_warmup_start': 0.85, 'muon_momentum_warmup_steps': 500}",quant_design_8_per_tensor_asymmetric_percentile_seed1337,finished,2026-05-06T21:25:53Z,2rp6oi75
"{'_runtime': 2661, '_step': 5000, '_timestamp': 1778108106.0340283, '_wandb': {'runtime': 2661}, 'final_val_bpb': 4.105208045497299, 'final_val_loss': 6.931471824645996, 'lr_scale': 0.0013333333333333333, 'quant_baseline_bytes': 67191072, 'quant_compression_ratio': 3.938450717104291, 'quant_file_bytes': 14151253, 'quant_int8_payload_bytes': 17060280, 'quant_num_float_tensors': 92, 'quant_param_count': 17059912, 'tokens_seen': 655360000, 'train_loss': 2.1309120655059814, 'val_bpb': 1.3079982280761002, 'val_loss': 2.208500218287498}","{'seed': 42, 'beta1': 0.9, 'beta2': 0.95, 'seeds': [1337, 42, 123], 'run_id': 'quant_design_8_per_tensor_asymmetric_percentile_seed42', 'head_lr': 0.008, 'adam_eps': 1e-08, 'embed_lr': 0.6, 'mlp_mult': 2, 'data_path': './data/datasets/fineweb10B_sp1024', 'matrix_lr': 0.04, 'model_dim': 512, 'num_heads': 8, 'rope_base': 10000, 'scalar_lr': 0.04, 'val_files': './data/datasets/fineweb10B_sp1024/fineweb_val_*.bin', 'iterations': 5000, 'num_layers': 9, 'vocab_size': 1024, 'base_run_id': 'quant_design_8_per_tensor_asymmetric_percentile', 'train_files': './data/datasets/fineweb10B_sp1024/fineweb_train_*.bin', 'num_kv_heads': 4, 'qk_gain_init': 1.5, 'warmup_steps': 20, 'logit_softcap': 30, 'muon_momentum': 0.95, 'tied_embed_lr': 0.05, 'train_seq_len': 1024, 'grad_clip_norm': 0, 'quant_symmetry': 'asymmetric', 'tie_embeddings': True, 'tokenizer_path': './data/tokenizers/fineweb_1024_bpe.model', 'val_batch_size': 524288, 'val_loss_every': 500, 'warmdown_iters': 750, 'train_log_every': 200, 'matrix_quant_bits': 8, 'quant_calibration': 'percentile', 'quant_granularity': 'per_tensor', 'muon_backend_steps': 5, 'train_batch_tokens': 131072, 'tied_embed_init_std': 0.005, 'max_wallclock_seconds': 0, 'muon_momentum_warmup_start': 0.85, 'muon_momentum_warmup_steps': 500}",quant_design_8_per_tensor_asymmetric_percentile_seed42,finished,2026-05-06T22:10:44Z,wwxh0ize
"{'_runtime': 2660, '_step': 5000, '_timestamp': 1778110768.478885, '_wandb': {'runtime': 2660}, 'final_val_bpb': 4.105208045497299, 'final_val_loss': 6.931471824645996, 'lr_scale': 0.0013333333333333333, 'quant_baseline_bytes': 67191072, 'quant_compression_ratio': 3.938450717104291, 'quant_file_bytes': 14194068, 'quant_int8_payload_bytes': 17060280, 'quant_num_float_tensors': 92, 'quant_param_count': 17059912, 'tokens_seen': 655360000, 'train_loss': 2.124244451522827, 'val_bpb': 1.3049080345785344, 'val_loss': 2.203282556009803}","{'seed': 123, 'beta1': 0.9, 'beta2': 0.95, 'seeds': [1337, 42, 123], 'run_id': 'quant_design_8_per_tensor_asymmetric_percentile_seed123', 'head_lr': 0.008, 'adam_eps': 1e-08, 'embed_lr': 0.6, 'mlp_mult': 2, 'data_path': './data/datasets/fineweb10B_sp1024', 'matrix_lr': 0.04, 'model_dim': 512, 'num_heads': 8, 'rope_base': 10000, 'scalar_lr': 0.04, 'val_files': './data/datasets/fineweb10B_sp1024/fineweb_val_*.bin', 'iterations': 5000, 'num_layers': 9, 'vocab_size': 1024, 'base_run_id': 'quant_design_8_per_tensor_asymmetric_percentile', 'train_files': './data/datasets/fineweb10B_sp1024/fineweb_train_*.bin', 'num_kv_heads': 4, 'qk_gain_init': 1.5, 'warmup_steps': 20, 'logit_softcap': 30, 'muon_momentum': 0.95, 'tied_embed_lr': 0.05, 'train_seq_len': 1024, 'grad_clip_norm': 0, 'quant_symmetry': 'asymmetric', 'tie_embeddings': True, 'tokenizer_path': './data/tokenizers/fineweb_1024_bpe.model', 'val_batch_size': 524288, 'val_loss_every': 500, 'warmdown_iters': 750, 'train_log_every': 200, 'matrix_quant_bits': 8, 'quant_calibration': 'percentile', 'quant_granularity': 'per_tensor', 'muon_backend_steps': 5, 'train_batch_tokens': 131072, 'tied_embed_init_std': 0.005, 'max_wallclock_seconds': 0, 'muon_momentum_warmup_start': 0.85, 'muon_momentum_warmup_steps': 500}",quant_design_8_per_tensor_asymmetric_percentile_seed123,finished,2026-05-06T22:55:08Z,kb5ka8tz
"{'_runtime': 2690, '_step': 5000, '_timestamp': 1778113508.4513035, '_wandb': {'runtime': 2690}, 'final_val_bpb': 1.3098555693574965, 'final_val_loss': 2.2116362612402716, 'lr_scale': 0.0013333333333333333, 'quant_baseline_bytes': 67191072, 'quant_compression_ratio': 3.925306448265999, 'quant_file_bytes': 15749714, 'quant_int8_payload_bytes': 17117408, 'quant_num_float_tensors': 92, 'quant_param_count': 17059912, 'tokens_seen': 655360000, 'train_loss': 2.1255340576171875, 'val_bpb': 1.3061615409086165, 'val_loss': 2.2053990489409}","{'seed': 1337, 'beta1': 0.9, 'beta2': 0.95, 'seeds': [1337, 42, 123], 'run_id': 'quant_design_8_per_channel_symmetric_uncalibrated_seed1337', 'head_lr': 0.008, 'adam_eps': 1e-08, 'embed_lr': 0.6, 'mlp_mult': 2, 'data_path': './data/datasets/fineweb10B_sp1024', 'matrix_lr': 0.04, 'model_dim': 512, 'num_heads': 8, 'rope_base': 10000, 'scalar_lr': 0.04, 'val_files': './data/datasets/fineweb10B_sp1024/fineweb_val_*.bin', 'iterations': 5000, 'num_layers': 9, 'vocab_size': 1024, 'base_run_id': 'quant_design_8_per_channel_symmetric_uncalibrated', 'train_files': './data/datasets/fineweb10B_sp1024/fineweb_train_*.bin', 'num_kv_heads': 4, 'qk_gain_init': 1.5, 'warmup_steps': 20, 'logit_softcap': 30, 'muon_momentum': 0.95, 'tied_embed_lr': 0.05, 'train_seq_len': 1024, 'grad_clip_norm': 0, 'quant_symmetry': 'symmetric', 'tie_embeddings': True, 'tokenizer_path': './data/tokenizers/fineweb_1024_bpe.model', 'val_batch_size': 524288, 'val_loss_every': 500, 'warmdown_iters': 750, 'train_log_every': 200, 'matrix_quant_bits': 8, 'quant_calibration': 'uncalibrated', 'quant_granularity': 'per_channel', 'muon_backend_steps': 5, 'train_batch_tokens': 131072, 'tied_embed_init_std': 0.005, 'max_wallclock_seconds': 0, 'muon_momentum_warmup_start': 0.85, 'muon_momentum_warmup_steps': 500}",quant_design_8_per_channel_symmetric_uncalibrated_seed1337,finished,2026-05-06T23:40:18Z,ergd76qs
"{'_runtime': 2664, '_step': 5000, '_timestamp': 1778116176.0018797, '_wandb': {'runtime': 2664}, 'final_val_bpb': 1.311363569742524, 'final_val_loss': 2.2141824567228214, 'lr_scale': 0.0013333333333333333, 'quant_baseline_bytes': 67191072, 'quant_compression_ratio': 3.925306448265999, 'quant_file_bytes': 15748569, 'quant_int8_payload_bytes': 17117408, 'quant_num_float_tensors': 92, 'quant_param_count': 17059912, 'tokens_seen': 655360000, 'train_loss': 2.132148265838623, 'val_bpb': 1.307617808129668, 'val_loss': 2.207857895143091}","{'seed': 42, 'beta1': 0.9, 'beta2': 0.95, 'seeds': [1337, 42, 123], 'run_id': 'quant_design_8_per_channel_symmetric_uncalibrated_seed42', 'head_lr': 0.008, 'adam_eps': 1e-08, 'embed_lr': 0.6, 'mlp_mult': 2, 'data_path': './data/datasets/fineweb10B_sp1024', 'matrix_lr': 0.04, 'model_dim': 512, 'num_heads': 8, 'rope_base': 10000, 'scalar_lr': 0.04, 'val_files': './data/datasets/fineweb10B_sp1024/fineweb_val_*.bin', 'iterations': 5000, 'num_layers': 9, 'vocab_size': 1024, 'base_run_id': 'quant_design_8_per_channel_symmetric_uncalibrated', 'train_files': './data/datasets/fineweb10B_sp1024/fineweb_train_*.bin', 'num_kv_heads': 4, 'qk_gain_init': 1.5, 'warmup_steps': 20, 'logit_softcap': 30, 'muon_momentum': 0.95, 'tied_embed_lr': 0.05, 'train_seq_len': 1024, 'grad_clip_norm': 0, 'quant_symmetry': 'symmetric', 'tie_embeddings': True, 'tokenizer_path': './data/tokenizers/fineweb_1024_bpe.model', 'val_batch_size': 524288, 'val_loss_every': 500, 'warmdown_iters': 750, 'train_log_every': 200, 'matrix_quant_bits': 8, 'quant_calibration': 'uncalibrated', 'quant_granularity': 'per_channel', 'muon_backend_steps': 5, 'train_batch_tokens': 131072, 'tied_embed_init_std': 0.005, 'max_wallclock_seconds': 0, 'muon_momentum_warmup_start': 0.85, 'muon_momentum_warmup_steps': 500}",quant_design_8_per_channel_symmetric_uncalibrated_seed42,finished,2026-05-07T00:25:10Z,5h1f3jod
"{'_runtime': 2669, '_step': 5000, '_timestamp': 1778118848.162995, '_wandb': {'runtime': 2669}, 'final_val_bpb': 1.309163499986935, 'final_val_loss': 2.210467731097686, 'lr_scale': 0.0013333333333333333, 'quant_baseline_bytes': 67191072, 'quant_compression_ratio': 3.925306448265999, 'quant_file_bytes': 15755124, 'quant_int8_payload_bytes': 17117408, 'quant_num_float_tensors': 92, 'quant_param_count': 17059912, 'tokens_seen': 655360000, 'train_loss': 2.126124858856201, 'val_bpb': 1.3050625414184969, 'val_loss': 2.203543434337051}","{'seed': 123, 'beta1': 0.9, 'beta2': 0.95, 'seeds': [1337, 42, 123], 'run_id': 'quant_design_8_per_channel_symmetric_uncalibrated_seed123', 'head_lr': 0.008, 'adam_eps': 1e-08, 'embed_lr': 0.6, 'mlp_mult': 2, 'data_path': './data/datasets/fineweb10B_sp1024', 'matrix_lr': 0.04, 'model_dim': 512, 'num_heads': 8, 'rope_base': 10000, 'scalar_lr': 0.04, 'val_files': './data/datasets/fineweb10B_sp1024/fineweb_val_*.bin', 'iterations': 5000, 'num_layers': 9, 'vocab_size': 1024, 'base_run_id': 'quant_design_8_per_channel_symmetric_uncalibrated', 'train_files': './data/datasets/fineweb10B_sp1024/fineweb_train_*.bin', 'num_kv_heads': 4, 'qk_gain_init': 1.5, 'warmup_steps': 20, 'logit_softcap': 30, 'muon_momentum': 0.95, 'tied_embed_lr': 0.05, 'train_seq_len': 1024, 'grad_clip_norm': 0, 'quant_symmetry': 'symmetric', 'tie_embeddings': True, 'tokenizer_path': './data/tokenizers/fineweb_1024_bpe.model', 'val_batch_size': 524288, 'val_loss_every': 500, 'warmdown_iters': 750, 'train_log_every': 200, 'matrix_quant_bits': 8, 'quant_calibration': 'uncalibrated', 'quant_granularity': 'per_channel', 'muon_backend_steps': 5, 'train_batch_tokens': 131072, 'tied_embed_init_std': 0.005, 'max_wallclock_seconds': 0, 'muon_momentum_warmup_start': 0.85, 'muon_momentum_warmup_steps': 500}",quant_design_8_per_channel_symmetric_uncalibrated_seed123,finished,2026-05-07T01:09:38Z,7aqoefoh
"{'_runtime': 2705, '_step': 5000, '_timestamp': 1778121602.2967112, '_wandb': {'runtime': 2705}, 'final_val_bpb': 1.310129057664572, 'final_val_loss': 2.212098034790809, 'lr_scale': 0.0013333333333333333, 'quant_baseline_bytes': 67191072, 'quant_compression_ratio': 3.925306448265999, 'quant_file_bytes': 15748644, 'quant_int8_payload_bytes': 17117408, 'quant_num_float_tensors': 92, 'quant_param_count': 17059912, 'tokens_seen': 655360000, 'train_loss': 2.1284494400024414, 'val_bpb': 1.3061316103351182, 'val_loss': 2.2053485124212893}","{'seed': 1337, 'beta1': 0.9, 'beta2': 0.95, 'seeds': [1337, 42, 123], 'run_id': 'quant_design_8_per_channel_symmetric_percentile_seed1337', 'head_lr': 0.008, 'adam_eps': 1e-08, 'embed_lr': 0.6, 'mlp_mult': 2, 'data_path': './data/datasets/fineweb10B_sp1024', 'matrix_lr': 0.04, 'model_dim': 512, 'num_heads': 8, 'rope_base': 10000, 'scalar_lr': 0.04, 'val_files': './data/datasets/fineweb10B_sp1024/fineweb_val_*.bin', 'iterations': 5000, 'num_layers': 9, 'vocab_size': 1024, 'base_run_id': 'quant_design_8_per_channel_symmetric_percentile', 'train_files': './data/datasets/fineweb10B_sp1024/fineweb_train_*.bin', 'num_kv_heads': 4, 'qk_gain_init': 1.5, 'warmup_steps': 20, 'logit_softcap': 30, 'muon_momentum': 0.95, 'tied_embed_lr': 0.05, 'train_seq_len': 1024, 'grad_clip_norm': 0, 'quant_symmetry': 'symmetric', 'tie_embeddings': True, 'tokenizer_path': './data/tokenizers/fineweb_1024_bpe.model', 'val_batch_size': 524288, 'val_loss_every': 500, 'warmdown_iters': 750, 'train_log_every': 200, 'matrix_quant_bits': 8, 'quant_calibration': 'percentile', 'quant_granularity': 'per_channel', 'muon_backend_steps': 5, 'train_batch_tokens': 131072, 'tied_embed_init_std': 0.005, 'max_wallclock_seconds': 0, 'muon_momentum_warmup_start': 0.85, 'muon_momentum_warmup_steps': 500}",quant_design_8_per_channel_symmetric_percentile_seed1337,finished,2026-05-07T01:54:56Z,96ci4ycw
"{'_runtime': 2688, '_step': 5000, '_timestamp': 1778144394.5808868, '_wandb': {'runtime': 2688}, 'final_val_bpb': 1.3118462049798076, 'final_val_loss': 2.2149973661042064, 'lr_scale': 0.0013333333333333333, 'quant_baseline_bytes': 67191072, 'quant_compression_ratio': 3.925306448265999, 'quant_file_bytes': 15747249, 'quant_int8_payload_bytes': 17117408, 'quant_num_float_tensors': 92, 'quant_param_count': 17059912, 'tokens_seen': 655360000, 'train_loss': 2.1294045448303223, 'val_bpb': 1.3077860595547426, 'val_loss': 2.208141980626564}","{'seed': 42, 'beta1': 0.9, 'beta2': 0.95, 'seeds': [42], 'run_id': 'quant_design_8_per_channel_symmetric_percentile_seed42', 'head_lr': 0.008, 'adam_eps': 1e-08, 'embed_lr': 0.6, 'mlp_mult': 2, 'data_path': './data/datasets/fineweb10B_sp1024', 'matrix_lr': 0.04, 'model_dim': 512, 'num_heads': 8, 'rope_base': 10000, 'scalar_lr': 0.04, 'val_files': './data/datasets/fineweb10B_sp1024/fineweb_val_*.bin', 'iterations': 5000, 'num_layers': 9, 'vocab_size': 1024, 'base_run_id': 'quant_design_8_per_channel_symmetric_percentile', 'train_files': './data/datasets/fineweb10B_sp1024/fineweb_train_*.bin', 'num_kv_heads': 4, 'qk_gain_init': 1.5, 'warmup_steps': 20, 'logit_softcap': 30, 'muon_momentum': 0.95, 'tied_embed_lr': 0.05, 'train_seq_len': 1024, 'grad_clip_norm': 0, 'quant_symmetry': 'symmetric', 'tie_embeddings': True, 'tokenizer_path': './data/tokenizers/fineweb_1024_bpe.model', 'val_batch_size': 524288, 'val_loss_every': 500, 'warmdown_iters': 750, 'train_log_every': 200, 'matrix_quant_bits': 8, 'quant_calibration': 'percentile', 'quant_granularity': 'per_channel', 'muon_backend_steps': 5, 'train_batch_tokens': 131072, 'tied_embed_init_std': 0.005, 'max_wallclock_seconds': 0, 'muon_momentum_warmup_start': 0.85, 'muon_momentum_warmup_steps': 500}",quant_design_8_per_channel_symmetric_percentile_seed42,finished,2026-05-07T08:15:05Z,5wpsyve3
"{'_runtime': 2686, '_step': 5000, '_timestamp': 1778147129.4959362, '_wandb': {'runtime': 2686}, 'final_val_bpb': 1.309563275394787, 'final_val_loss': 2.211142735127933, 'lr_scale': 0.0013333333333333333, 'quant_baseline_bytes': 67191072, 'quant_compression_ratio': 3.925306448265999, 'quant_file_bytes': 15754721, 'quant_int8_payload_bytes': 17117408, 'quant_num_float_tensors': 92, 'quant_param_count': 17059912, 'tokens_seen': 655360000, 'train_loss': 2.1256399154663086, 'val_bpb': 1.3056322252409889, 'val_loss': 2.2045053216082433}","{'seed': 123, 'beta1': 0.9, 'beta2': 0.95, 'seeds': [123], 'run_id': 'quant_design_8_per_channel_symmetric_percentile_seed123', 'head_lr': 0.008, 'adam_eps': 1e-08, 'embed_lr': 0.6, 'mlp_mult': 2, 'data_path': './data/datasets/fineweb10B_sp1024', 'matrix_lr': 0.04, 'model_dim': 512, 'num_heads': 8, 'rope_base': 10000, 'scalar_lr': 0.04, 'val_files': './data/datasets/fineweb10B_sp1024/fineweb_val_*.bin', 'iterations': 5000, 'num_layers': 9, 'vocab_size': 1024, 'base_run_id': 'quant_design_8_per_channel_symmetric_percentile', 'train_files': './data/datasets/fineweb10B_sp1024/fineweb_train_*.bin', 'num_kv_heads': 4, 'qk_gain_init': 1.5, 'warmup_steps': 20, 'logit_softcap': 30, 'muon_momentum': 0.95, 'tied_embed_lr': 0.05, 'train_seq_len': 1024, 'grad_clip_norm': 0, 'quant_symmetry': 'symmetric', 'tie_embeddings': True, 'tokenizer_path': './data/tokenizers/fineweb_1024_bpe.model', 'val_batch_size': 524288, 'val_loss_every': 500, 'warmdown_iters': 750, 'train_log_every': 200, 'matrix_quant_bits': 8, 'quant_calibration': 'percentile', 'quant_granularity': 'per_channel', 'muon_backend_steps': 5, 'train_batch_tokens': 131072, 'tied_embed_init_std': 0.005, 'max_wallclock_seconds': 0, 'muon_momentum_warmup_start': 0.85, 'muon_momentum_warmup_steps': 500}",quant_design_8_per_channel_symmetric_percentile_seed123,finished,2026-05-07T09:00:42Z,z6kvq9ar
"{'_runtime': 2689, '_step': 5000, '_timestamp': 1778149865.3638291, '_wandb': {'runtime': 2689}, 'final_val_bpb': 4.105561057777332, 'final_val_loss': 6.93206787109375, 'lr_scale': 0.0013333333333333333, 'quant_baseline_bytes': 67191072, 'quant_compression_ratio': 3.925306448265999, 'quant_file_bytes': 16043144, 'quant_int8_payload_bytes': 17117408, 'quant_num_float_tensors': 92, 'quant_param_count': 17059912, 'tokens_seen': 655360000, 'train_loss': 2.1292076110839844, 'val_bpb': 1.306134199582975, 'val_loss': 2.2053528842578363}","{'seed': 1337, 'beta1': 0.9, 'beta2': 0.95, 'seeds': [1337], 'run_id': 'quant_design_8_per_channel_asymmetric_uncalibrated_seed1337', 'head_lr': 0.008, 'adam_eps': 1e-08, 'embed_lr': 0.6, 'mlp_mult': 2, 'data_path': './data/datasets/fineweb10B_sp1024', 'matrix_lr': 0.04, 'model_dim': 512, 'num_heads': 8, 'rope_base': 10000, 'scalar_lr': 0.04, 'val_files': './data/datasets/fineweb10B_sp1024/fineweb_val_*.bin', 'iterations': 5000, 'num_layers': 9, 'vocab_size': 1024, 'base_run_id': 'quant_design_8_per_channel_asymmetric_uncalibrated', 'train_files': './data/datasets/fineweb10B_sp1024/fineweb_train_*.bin', 'num_kv_heads': 4, 'qk_gain_init': 1.5, 'warmup_steps': 20, 'logit_softcap': 30, 'muon_momentum': 0.95, 'tied_embed_lr': 0.05, 'train_seq_len': 1024, 'grad_clip_norm': 0, 'quant_symmetry': 'asymmetric', 'tie_embeddings': True, 'tokenizer_path': './data/tokenizers/fineweb_1024_bpe.model', 'val_batch_size': 524288, 'val_loss_every': 500, 'warmdown_iters': 750, 'train_log_every': 200, 'matrix_quant_bits': 8, 'quant_calibration': 'uncalibrated', 'quant_granularity': 'per_channel', 'muon_backend_steps': 5, 'train_batch_tokens': 131072, 'tied_embed_init_std': 0.005, 'max_wallclock_seconds': 0, 'muon_momentum_warmup_start': 0.85, 'muon_momentum_warmup_steps': 500}",quant_design_8_per_channel_asymmetric_uncalibrated_seed1337,finished,2026-05-07T09:46:15Z,kht5imlu
"{'_runtime': 2690, '_step': 5000, '_timestamp': 1778152606.3936312, '_wandb': {'runtime': 2690}, 'final_val_bpb': 10.301267391904789, 'final_val_loss': 17.393258488677386, 'lr_scale': 0.0013333333333333333, 'quant_baseline_bytes': 67191072, 'quant_compression_ratio': 3.925306448265999, 'quant_file_bytes': 16044808, 'quant_int8_payload_bytes': 17117408, 'quant_num_float_tensors': 92, 'quant_param_count': 17059912, 'tokens_seen': 655360000, 'train_loss': 2.131014823913574, 'val_bpb': 1.3075110241110846, 'val_loss': 2.207677594800714}","{'seed': 42, 'beta1': 0.9, 'beta2': 0.95, 'seeds': [42], 'run_id': 'quant_design_8_per_channel_asymmetric_uncalibrated_seed42', 'head_lr': 0.008, 'adam_eps': 1e-08, 'embed_lr': 0.6, 'mlp_mult': 2, 'data_path': './data/datasets/fineweb10B_sp1024', 'matrix_lr': 0.04, 'model_dim': 512, 'num_heads': 8, 'rope_base': 10000, 'scalar_lr': 0.04, 'val_files': './data/datasets/fineweb10B_sp1024/fineweb_val_*.bin', 'iterations': 5000, 'num_layers': 9, 'vocab_size': 1024, 'base_run_id': 'quant_design_8_per_channel_asymmetric_uncalibrated', 'train_files': './data/datasets/fineweb10B_sp1024/fineweb_train_*.bin', 'num_kv_heads': 4, 'qk_gain_init': 1.5, 'warmup_steps': 20, 'logit_softcap': 30, 'muon_momentum': 0.95, 'tied_embed_lr': 0.05, 'train_seq_len': 1024, 'grad_clip_norm': 0, 'quant_symmetry': 'asymmetric', 'tie_embeddings': True, 'tokenizer_path': './data/tokenizers/fineweb_1024_bpe.model', 'val_batch_size': 524288, 'val_loss_every': 500, 'warmdown_iters': 750, 'train_log_every': 200, 'matrix_quant_bits': 8, 'quant_calibration': 'uncalibrated', 'quant_granularity': 'per_channel', 'muon_backend_steps': 5, 'train_batch_tokens': 131072, 'tied_embed_init_std': 0.005, 'max_wallclock_seconds': 0, 'muon_momentum_warmup_start': 0.85, 'muon_momentum_warmup_steps': 500}",quant_design_8_per_channel_asymmetric_uncalibrated_seed42,finished,2026-05-07T10:31:55Z,6uxqwmo7
"{'_runtime': 2685, '_step': 5000, '_timestamp': 1778155339.61154, '_wandb': {'runtime': 2685}, 'final_val_bpb': 8.174856230574834, 'final_val_loss': 13.80290231451524, 'lr_scale': 0.0013333333333333333, 'quant_baseline_bytes': 67191072, 'quant_compression_ratio': 3.925306448265999, 'quant_file_bytes': 16052190, 'quant_int8_payload_bytes': 17117408, 'quant_num_float_tensors': 92, 'quant_param_count': 17059912, 'tokens_seen': 655360000, 'train_loss': 2.123095989227295, 'val_bpb': 1.3046442589909966, 'val_loss': 2.2028371819793557}","{'seed': 123, 'beta1': 0.9, 'beta2': 0.95, 'seeds': [123], 'run_id': 'quant_design_8_per_channel_asymmetric_uncalibrated_seed123', 'head_lr': 0.008, 'adam_eps': 1e-08, 'embed_lr': 0.6, 'mlp_mult': 2, 'data_path': './data/datasets/fineweb10B_sp1024', 'matrix_lr': 0.04, 'model_dim': 512, 'num_heads': 8, 'rope_base': 10000, 'scalar_lr': 0.04, 'val_files': './data/datasets/fineweb10B_sp1024/fineweb_val_*.bin', 'iterations': 5000, 'num_layers': 9, 'vocab_size': 1024, 'base_run_id': 'quant_design_8_per_channel_asymmetric_uncalibrated', 'train_files': './data/datasets/fineweb10B_sp1024/fineweb_train_*.bin', 'num_kv_heads': 4, 'qk_gain_init': 1.5, 'warmup_steps': 20, 'logit_softcap': 30, 'muon_momentum': 0.95, 'tied_embed_lr': 0.05, 'train_seq_len': 1024, 'grad_clip_norm': 0, 'quant_symmetry': 'asymmetric', 'tie_embeddings': True, 'tokenizer_path': './data/tokenizers/fineweb_1024_bpe.model', 'val_batch_size': 524288, 'val_loss_every': 500, 'warmdown_iters': 750, 'train_log_every': 200, 'matrix_quant_bits': 8, 'quant_calibration': 'uncalibrated', 'quant_granularity': 'per_channel', 'muon_backend_steps': 5, 'train_batch_tokens': 131072, 'tied_embed_init_std': 0.005, 'max_wallclock_seconds': 0, 'muon_momentum_warmup_start': 0.85, 'muon_momentum_warmup_steps': 500}",quant_design_8_per_channel_asymmetric_uncalibrated_seed123,finished,2026-05-07T11:17:33Z,38vu9cl2
"{'_runtime': 2689, '_step': 5000, '_timestamp': 1778158079.2481966, '_wandb': {'runtime': 2689}, 'final_val_bpb': 20.978970079889713, 'final_val_loss': 35.422112206552384, 'lr_scale': 0.0013333333333333333, 'quant_baseline_bytes': 67191072, 'quant_compression_ratio': 3.925306448265999, 'quant_file_bytes': 16039917, 'quant_int8_payload_bytes': 17117408, 'quant_num_float_tensors': 92, 'quant_param_count': 17059912, 'tokens_seen': 655360000, 'train_loss': 2.1286675930023193, 'val_bpb': 1.306083867501472, 'val_loss': 2.2052679006465437}","{'seed': 1337, 'beta1': 0.9, 'beta2': 0.95, 'seeds': [1337], 'run_id': 'quant_design_8_per_channel_asymmetric_percentile_seed1337', 'head_lr': 0.008, 'adam_eps': 1e-08, 'embed_lr': 0.6, 'mlp_mult': 2, 'data_path': './data/datasets/fineweb10B_sp1024', 'matrix_lr': 0.04, 'model_dim': 512, 'num_heads': 8, 'rope_base': 10000, 'scalar_lr': 0.04, 'val_files': './data/datasets/fineweb10B_sp1024/fineweb_val_*.bin', 'iterations': 5000, 'num_layers': 9, 'vocab_size': 1024, 'base_run_id': 'quant_design_8_per_channel_asymmetric_percentile', 'train_files': './data/datasets/fineweb10B_sp1024/fineweb_train_*.bin', 'num_kv_heads': 4, 'qk_gain_init': 1.5, 'warmup_steps': 20, 'logit_softcap': 30, 'muon_momentum': 0.95, 'tied_embed_lr': 0.05, 'train_seq_len': 1024, 'grad_clip_norm': 0, 'quant_symmetry': 'asymmetric', 'tie_embeddings': True, 'tokenizer_path': './data/tokenizers/fineweb_1024_bpe.model', 'val_batch_size': 524288, 'val_loss_every': 500, 'warmdown_iters': 750, 'train_log_every': 200, 'matrix_quant_bits': 8, 'quant_calibration': 'percentile', 'quant_granularity': 'per_channel', 'muon_backend_steps': 5, 'train_batch_tokens': 131072, 'tied_embed_init_std': 0.005, 'max_wallclock_seconds': 0, 'muon_momentum_warmup_start': 0.85, 'muon_momentum_warmup_steps': 500}",quant_design_8_per_channel_asymmetric_percentile_seed1337,finished,2026-05-07T12:03:09Z,h61d6nub
"{'_runtime': 2691, '_step': 5000, '_timestamp': 1778160820.413439, '_wandb': {'runtime': 2691}, 'final_val_bpb': 20.97922402924918, 'final_val_loss': 35.42254098940834, 'lr_scale': 0.0013333333333333333, 'quant_baseline_bytes': 67191072, 'quant_compression_ratio': 3.925306448265999, 'quant_file_bytes': 16044967, 'quant_int8_payload_bytes': 17117408, 'quant_num_float_tensors': 92, 'quant_param_count': 17059912, 'tokens_seen': 655360000, 'train_loss': 2.130946397781372, 'val_bpb': 1.3080573491049454, 'val_loss': 2.208600041668224}","{'seed': 42, 'beta1': 0.9, 'beta2': 0.95, 'seeds': [42], 'run_id': 'quant_design_8_per_channel_asymmetric_percentile_seed42', 'head_lr': 0.008, 'adam_eps': 1e-08, 'embed_lr': 0.6, 'mlp_mult': 2, 'data_path': './data/datasets/fineweb10B_sp1024', 'matrix_lr': 0.04, 'model_dim': 512, 'num_heads': 8, 'rope_base': 10000, 'scalar_lr': 0.04, 'val_files': './data/datasets/fineweb10B_sp1024/fineweb_val_*.bin', 'iterations': 5000, 'num_layers': 9, 'vocab_size': 1024, 'base_run_id': 'quant_design_8_per_channel_asymmetric_percentile', 'train_files': './data/datasets/fineweb10B_sp1024/fineweb_train_*.bin', 'num_kv_heads': 4, 'qk_gain_init': 1.5, 'warmup_steps': 20, 'logit_softcap': 30, 'muon_momentum': 0.95, 'tied_embed_lr': 0.05, 'train_seq_len': 1024, 'grad_clip_norm': 0, 'quant_symmetry': 'asymmetric', 'tie_embeddings': True, 'tokenizer_path': './data/tokenizers/fineweb_1024_bpe.model', 'val_batch_size': 524288, 'val_loss_every': 500, 'warmdown_iters': 750, 'train_log_every': 200, 'matrix_quant_bits': 8, 'quant_calibration': 'percentile', 'quant_granularity': 'per_channel', 'muon_backend_steps': 5, 'train_batch_tokens': 131072, 'tied_embed_init_std': 0.005, 'max_wallclock_seconds': 0, 'muon_momentum_warmup_start': 0.85, 'muon_momentum_warmup_steps': 500}",quant_design_8_per_channel_asymmetric_percentile_seed42,finished,2026-05-07T12:48:48Z,zttsddsw
"{'_runtime': 2686, '_step': 5000, '_timestamp': 1778163556.0658536, '_wandb': {'runtime': 2686}, 'final_val_bpb': 4.080366902570174, 'final_val_loss': 6.889528595366734, 'lr_scale': 0.0013333333333333333, 'quant_baseline_bytes': 67191072, 'quant_compression_ratio': 3.925306448265999, 'quant_file_bytes': 16051213, 'quant_int8_payload_bytes': 17117408, 'quant_num_float_tensors': 92, 'quant_param_count': 17059912, 'tokens_seen': 655360000, 'train_loss': 2.124685287475586, 'val_bpb': 1.305348423641219, 'val_loss': 2.2040261344949976}","{'seed': 123, 'beta1': 0.9, 'beta2': 0.95, 'seeds': [123], 'run_id': 'quant_design_8_per_channel_asymmetric_percentile_seed123', 'head_lr': 0.008, 'adam_eps': 1e-08, 'embed_lr': 0.6, 'mlp_mult': 2, 'data_path': './data/datasets/fineweb10B_sp1024', 'matrix_lr': 0.04, 'model_dim': 512, 'num_heads': 8, 'rope_base': 10000, 'scalar_lr': 0.04, 'val_files': './data/datasets/fineweb10B_sp1024/fineweb_val_*.bin', 'iterations': 5000, 'num_layers': 9, 'vocab_size': 1024, 'base_run_id': 'quant_design_8_per_channel_asymmetric_percentile', 'train_files': './data/datasets/fineweb10B_sp1024/fineweb_train_*.bin', 'num_kv_heads': 4, 'qk_gain_init': 1.5, 'warmup_steps': 20, 'logit_softcap': 30, 'muon_momentum': 0.95, 'tied_embed_lr': 0.05, 'train_seq_len': 1024, 'grad_clip_norm': 0, 'quant_symmetry': 'asymmetric', 'tie_embeddings': True, 'tokenizer_path': './data/tokenizers/fineweb_1024_bpe.model', 'val_batch_size': 524288, 'val_loss_every': 500, 'warmdown_iters': 750, 'train_log_every': 200, 'matrix_quant_bits': 8, 'quant_calibration': 'percentile', 'quant_granularity': 'per_channel', 'muon_backend_steps': 5, 'train_batch_tokens': 131072, 'tied_embed_init_std': 0.005, 'max_wallclock_seconds': 0, 'muon_momentum_warmup_start': 0.85, 'muon_momentum_warmup_steps': 500}",quant_design_8_per_channel_asymmetric_percentile_seed123,finished,2026-05-07T13:34:29Z,ebco3a2m
"{'_runtime': 2702, '_step': 5000, '_timestamp': 1778166310.0904417, '_wandb': {'runtime': 2702}, 'final_val_bpb': 7.0271987030718615, 'final_val_loss': 11.865130652746489, 'lr_scale': 0.0013333333333333333, 'quant_baseline_bytes': 67191072, 'quant_compression_ratio': 3.938450717104291, 'quant_file_bytes': 5917777, 'quant_int8_payload_bytes': 17060280, 'quant_num_float_tensors': 92, 'quant_param_count': 17059912, 'tokens_seen': 655360000, 'train_loss': 2.1276726722717285, 'val_bpb': 1.3062801271474511, 'val_loss': 2.2055992768377974}","{'seed': 1337, 'beta1': 0.9, 'beta2': 0.95, 'seeds': [1337], 'run_id': 'quant_design_4_per_tensor_symmetric_uncalibrated_seed1337', 'head_lr': 0.008, 'adam_eps': 1e-08, 'embed_lr': 0.6, 'mlp_mult': 2, 'data_path': './data/datasets/fineweb10B_sp1024', 'matrix_lr': 0.04, 'model_dim': 512, 'num_heads': 8, 'rope_base': 10000, 'scalar_lr': 0.04, 'val_files': './data/datasets/fineweb10B_sp1024/fineweb_val_*.bin', 'iterations': 5000, 'num_layers': 9, 'vocab_size': 1024, 'base_run_id': 'quant_design_4_per_tensor_symmetric_uncalibrated', 'train_files': './data/datasets/fineweb10B_sp1024/fineweb_train_*.bin', 'num_kv_heads': 4, 'qk_gain_init': 1.5, 'warmup_steps': 20, 'logit_softcap': 30, 'muon_momentum': 0.95, 'tied_embed_lr': 0.05, 'train_seq_len': 1024, 'grad_clip_norm': 0, 'quant_symmetry': 'symmetric', 'tie_embeddings': True, 'tokenizer_path': './data/tokenizers/fineweb_1024_bpe.model', 'val_batch_size': 524288, 'val_loss_every': 500, 'warmdown_iters': 750, 'train_log_every': 200, 'matrix_quant_bits': 4, 'quant_calibration': 'uncalibrated', 'quant_granularity': 'per_tensor', 'muon_backend_steps': 5, 'train_batch_tokens': 131072, 'tied_embed_init_std': 0.005, 'max_wallclock_seconds': 0, 'muon_momentum_warmup_start': 0.85, 'muon_momentum_warmup_steps': 500}",quant_design_4_per_tensor_symmetric_uncalibrated_seed1337,finished,2026-05-07T14:20:07Z,xadrpjp4
"{'_runtime': 2699, '_step': 5000, '_timestamp': 1778169060.4794357, '_wandb': {'runtime': 2699}, 'final_val_bpb': 6.4666892032264185, 'final_val_loss': 10.918733841046178, 'lr_scale': 0.0013333333333333333, 'quant_baseline_bytes': 67191072, 'quant_compression_ratio': 3.938450717104291, 'quant_file_bytes': 5874799, 'quant_int8_payload_bytes': 17060280, 'quant_num_float_tensors': 92, 'quant_param_count': 17059912, 'tokens_seen': 655360000, 'train_loss': 2.13078236579895, 'val_bpb': 1.3075906501783094, 'val_loss': 2.2078120400798227}","{'seed': 42, 'beta1': 0.9, 'beta2': 0.95, 'seeds': [42], 'run_id': 'quant_design_4_per_tensor_symmetric_uncalibrated_seed42', 'head_lr': 0.008, 'adam_eps': 1e-08, 'embed_lr': 0.6, 'mlp_mult': 2, 'data_path': './data/datasets/fineweb10B_sp1024', 'matrix_lr': 0.04, 'model_dim': 512, 'num_heads': 8, 'rope_base': 10000, 'scalar_lr': 0.04, 'val_files': './data/datasets/fineweb10B_sp1024/fineweb_val_*.bin', 'iterations': 5000, 'num_layers': 9, 'vocab_size': 1024, 'base_run_id': 'quant_design_4_per_tensor_symmetric_uncalibrated', 'train_files': './data/datasets/fineweb10B_sp1024/fineweb_train_*.bin', 'num_kv_heads': 4, 'qk_gain_init': 1.5, 'warmup_steps': 20, 'logit_softcap': 30, 'muon_momentum': 0.95, 'tied_embed_lr': 0.05, 'train_seq_len': 1024, 'grad_clip_norm': 0, 'quant_symmetry': 'symmetric', 'tie_embeddings': True, 'tokenizer_path': './data/tokenizers/fineweb_1024_bpe.model', 'val_batch_size': 524288, 'val_loss_every': 500, 'warmdown_iters': 750, 'train_log_every': 200, 'matrix_quant_bits': 4, 'quant_calibration': 'uncalibrated', 'quant_granularity': 'per_tensor', 'muon_backend_steps': 5, 'train_batch_tokens': 131072, 'tied_embed_init_std': 0.005, 'max_wallclock_seconds': 0, 'muon_momentum_warmup_start': 0.85, 'muon_momentum_warmup_steps': 500}",quant_design_4_per_tensor_symmetric_uncalibrated_seed42,finished,2026-05-07T15:06:00Z,lr92zofh
"{'_runtime': 2706, '_step': 5000, '_timestamp': 1778171817.5631905, '_wandb': {'runtime': 2706}, 'final_val_bpb': 6.31952858702672, 'final_val_loss': 10.670259304900668, 'lr_scale': 0.0013333333333333333, 'quant_baseline_bytes': 67191072, 'quant_compression_ratio': 3.938450717104291, 'quant_file_bytes': 5554681, 'quant_int8_payload_bytes': 17060280, 'quant_num_float_tensors': 92, 'quant_param_count': 17059912, 'tokens_seen': 655360000, 'train_loss': 2.125922918319702, 'val_bpb': 1.305374440967983, 'val_loss': 2.2040700636614172}","{'seed': 123, 'beta1': 0.9, 'beta2': 0.95, 'seeds': [123], 'run_id': 'quant_design_4_per_tensor_symmetric_uncalibrated_seed123', 'head_lr': 0.008, 'adam_eps': 1e-08, 'embed_lr': 0.6, 'mlp_mult': 2, 'data_path': './data/datasets/fineweb10B_sp1024', 'matrix_lr': 0.04, 'model_dim': 512, 'num_heads': 8, 'rope_base': 10000, 'scalar_lr': 0.04, 'val_files': './data/datasets/fineweb10B_sp1024/fineweb_val_*.bin', 'iterations': 5000, 'num_layers': 9, 'vocab_size': 1024, 'base_run_id': 'quant_design_4_per_tensor_symmetric_uncalibrated', 'train_files': './data/datasets/fineweb10B_sp1024/fineweb_train_*.bin', 'num_kv_heads': 4, 'qk_gain_init': 1.5, 'warmup_steps': 20, 'logit_softcap': 30, 'muon_momentum': 0.95, 'tied_embed_lr': 0.05, 'train_seq_len': 1024, 'grad_clip_norm': 0, 'quant_symmetry': 'symmetric', 'tie_embeddings': True, 'tokenizer_path': './data/tokenizers/fineweb_1024_bpe.model', 'val_batch_size': 524288, 'val_loss_every': 500, 'warmdown_iters': 750, 'train_log_every': 200, 'matrix_quant_bits': 4, 'quant_calibration': 'uncalibrated', 'quant_granularity': 'per_tensor', 'muon_backend_steps': 5, 'train_batch_tokens': 131072, 'tied_embed_init_std': 0.005, 'max_wallclock_seconds': 0, 'muon_momentum_warmup_start': 0.85, 'muon_momentum_warmup_steps': 500}",quant_design_4_per_tensor_symmetric_uncalibrated_seed123,finished,2026-05-07T15:51:51Z,ubw0b0lo
"{'_runtime': 2704, '_step': 5000, '_timestamp': 1778174570.6640158, '_wandb': {'runtime': 2704}, 'final_val_bpb': 6.181447055301924, 'final_val_loss': 10.43711442258364, 'lr_scale': 0.0013333333333333333, 'quant_baseline_bytes': 67191072, 'quant_compression_ratio': 3.938450717104291, 'quant_file_bytes': 5972021, 'quant_int8_payload_bytes': 17060280, 'quant_num_float_tensors': 92, 'quant_param_count': 17059912, 'tokens_seen': 655360000, 'train_loss': 2.1269116401672363, 'val_bpb': 1.3059527235746575, 'val_loss': 2.2050464696195133}","{'seed': 1337, 'beta1': 0.9, 'beta2': 0.95, 'seeds': [1337], 'run_id': 'quant_design_4_per_tensor_symmetric_percentile_seed1337', 'head_lr': 0.008, 'adam_eps': 1e-08, 'embed_lr': 0.6, 'mlp_mult': 2, 'data_path': './data/datasets/fineweb10B_sp1024', 'matrix_lr': 0.04, 'model_dim': 512, 'num_heads': 8, 'rope_base': 10000, 'scalar_lr': 0.04, 'val_files': './data/datasets/fineweb10B_sp1024/fineweb_val_*.bin', 'iterations': 5000, 'num_layers': 9, 'vocab_size': 1024, 'base_run_id': 'quant_design_4_per_tensor_symmetric_percentile', 'train_files': './data/datasets/fineweb10B_sp1024/fineweb_train_*.bin', 'num_kv_heads': 4, 'qk_gain_init': 1.5, 'warmup_steps': 20, 'logit_softcap': 30, 'muon_momentum': 0.95, 'tied_embed_lr': 0.05, 'train_seq_len': 1024, 'grad_clip_norm': 0, 'quant_symmetry': 'symmetric', 'tie_embeddings': True, 'tokenizer_path': './data/tokenizers/fineweb_1024_bpe.model', 'val_batch_size': 524288, 'val_loss_every': 500, 'warmdown_iters': 750, 'train_log_every': 200, 'matrix_quant_bits': 4, 'quant_calibration': 'percentile', 'quant_granularity': 'per_tensor', 'muon_backend_steps': 5, 'train_batch_tokens': 131072, 'tied_embed_init_std': 0.005, 'max_wallclock_seconds': 0, 'muon_momentum_warmup_start': 0.85, 'muon_momentum_warmup_steps': 500}",quant_design_4_per_tensor_symmetric_percentile_seed1337,finished,2026-05-07T16:37:45Z,di7m2mmc
"{'_runtime': 2704, '_step': 5000, '_timestamp': 1778177324.7977743, '_wandb': {'runtime': 2704}, 'final_val_bpb': 6.934241990724545, 'final_val_loss': 11.708177137746471, 'lr_scale': 0.0013333333333333333, 'quant_baseline_bytes': 67191072, 'quant_compression_ratio': 3.938450717104291, 'quant_file_bytes': 6034433, 'quant_int8_payload_bytes': 17060280, 'quant_num_float_tensors': 92, 'quant_param_count': 17059912, 'tokens_seen': 655360000, 'train_loss': 2.1289565563201904, 'val_bpb': 1.3076802754407617, 'val_loss': 2.207963368581223}","{'seed': 42, 'beta1': 0.9, 'beta2': 0.95, 'seeds': [42], 'run_id': 'quant_design_4_per_tensor_symmetric_percentile_seed42', 'head_lr': 0.008, 'adam_eps': 1e-08, 'embed_lr': 0.6, 'mlp_mult': 2, 'data_path': './data/datasets/fineweb10B_sp1024', 'matrix_lr': 0.04, 'model_dim': 512, 'num_heads': 8, 'rope_base': 10000, 'scalar_lr': 0.04, 'val_files': './data/datasets/fineweb10B_sp1024/fineweb_val_*.bin', 'iterations': 5000, 'num_layers': 9, 'vocab_size': 1024, 'base_run_id': 'quant_design_4_per_tensor_symmetric_percentile', 'train_files': './data/datasets/fineweb10B_sp1024/fineweb_train_*.bin', 'num_kv_heads': 4, 'qk_gain_init': 1.5, 'warmup_steps': 20, 'logit_softcap': 30, 'muon_momentum': 0.95, 'tied_embed_lr': 0.05, 'train_seq_len': 1024, 'grad_clip_norm': 0, 'quant_symmetry': 'symmetric', 'tie_embeddings': True, 'tokenizer_path': './data/tokenizers/fineweb_1024_bpe.model', 'val_batch_size': 524288, 'val_loss_every': 500, 'warmdown_iters': 750, 'train_log_every': 200, 'matrix_quant_bits': 4, 'quant_calibration': 'percentile', 'quant_granularity': 'per_tensor', 'muon_backend_steps': 5, 'train_batch_tokens': 131072, 'tied_embed_init_std': 0.005, 'max_wallclock_seconds': 0, 'muon_momentum_warmup_start': 0.85, 'muon_momentum_warmup_steps': 500}",quant_design_4_per_tensor_symmetric_percentile_seed42,finished,2026-05-07T17:23:40Z,ic0t8slv
"{'_runtime': 2702, '_step': 5000, '_timestamp': 1778180075.7800071, '_wandb': {'runtime': 2702}, 'final_val_bpb': 6.613768109472057, 'final_val_loss': 11.167070413356948, 'lr_scale': 0.0013333333333333333, 'quant_baseline_bytes': 67191072, 'quant_compression_ratio': 3.938450717104291, 'quant_file_bytes': 5997603, 'quant_int8_payload_bytes': 17060280, 'quant_num_float_tensors': 92, 'quant_param_count': 17059912, 'tokens_seen': 655360000, 'train_loss': 2.1229965686798096, 'val_bpb': 1.3054807356838496, 'val_loss': 2.2042495378366533}","{'seed': 123, 'beta1': 0.9, 'beta2': 0.95, 'seeds': [123], 'run_id': 'quant_design_4_per_tensor_symmetric_percentile_seed123', 'head_lr': 0.008, 'adam_eps': 1e-08, 'embed_lr': 0.6, 'mlp_mult': 2, 'data_path': './data/datasets/fineweb10B_sp1024', 'matrix_lr': 0.04, 'model_dim': 512, 'num_heads': 8, 'rope_base': 10000, 'scalar_lr': 0.04, 'val_files': './data/datasets/fineweb10B_sp1024/fineweb_val_*.bin', 'iterations': 5000, 'num_layers': 9, 'vocab_size': 1024, 'base_run_id': 'quant_design_4_per_tensor_symmetric_percentile', 'train_files': './data/datasets/fineweb10B_sp1024/fineweb_train_*.bin', 'num_kv_heads': 4, 'qk_gain_init': 1.5, 'warmup_steps': 20, 'logit_softcap': 30, 'muon_momentum': 0.95, 'tied_embed_lr': 0.05, 'train_seq_len': 1024, 'grad_clip_norm': 0, 'quant_symmetry': 'symmetric', 'tie_embeddings': True, 'tokenizer_path': './data/tokenizers/fineweb_1024_bpe.model', 'val_batch_size': 524288, 'val_loss_every': 500, 'warmdown_iters': 750, 'train_log_every': 200, 'matrix_quant_bits': 4, 'quant_calibration': 'percentile', 'quant_granularity': 'per_tensor', 'muon_backend_steps': 5, 'train_batch_tokens': 131072, 'tied_embed_init_std': 0.005, 'max_wallclock_seconds': 0, 'muon_momentum_warmup_start': 0.85, 'muon_momentum_warmup_steps': 500}",quant_design_4_per_tensor_symmetric_percentile_seed123,finished,2026-05-07T18:09:33Z,o4e62sii
"{'_runtime': 2700, '_step': 5000, '_timestamp': 1778182826.490675, '_wandb': {'runtime': 2700}, 'final_val_bpb': 6.165208256166802, 'final_val_loss': 10.409695890459638, 'lr_scale': 0.0013333333333333333, 'quant_baseline_bytes': 67191072, 'quant_compression_ratio': 3.938450717104291, 'quant_file_bytes': 6230985, 'quant_int8_payload_bytes': 17060280, 'quant_num_float_tensors': 92, 'quant_param_count': 17059912, 'tokens_seen': 655360000, 'train_loss': 2.1292643547058105, 'val_bpb': 1.3069556614806337, 'val_loss': 2.2067398882623928}","{'seed': 1337, 'beta1': 0.9, 'beta2': 0.95, 'seeds': [1337], 'run_id': 'quant_design_4_per_tensor_asymmetric_uncalibrated_seed1337', 'head_lr': 0.008, 'adam_eps': 1e-08, 'embed_lr': 0.6, 'mlp_mult': 2, 'data_path': './data/datasets/fineweb10B_sp1024', 'matrix_lr': 0.04, 'model_dim': 512, 'num_heads': 8, 'rope_base': 10000, 'scalar_lr': 0.04, 'val_files': './data/datasets/fineweb10B_sp1024/fineweb_val_*.bin', 'iterations': 5000, 'num_layers': 9, 'vocab_size': 1024, 'base_run_id': 'quant_design_4_per_tensor_asymmetric_uncalibrated', 'train_files': './data/datasets/fineweb10B_sp1024/fineweb_train_*.bin', 'num_kv_heads': 4, 'qk_gain_init': 1.5, 'warmup_steps': 20, 'logit_softcap': 30, 'muon_momentum': 0.95, 'tied_embed_lr': 0.05, 'train_seq_len': 1024, 'grad_clip_norm': 0, 'quant_symmetry': 'asymmetric', 'tie_embeddings': True, 'tokenizer_path': './data/tokenizers/fineweb_1024_bpe.model', 'val_batch_size': 524288, 'val_loss_every': 500, 'warmdown_iters': 750, 'train_log_every': 200, 'matrix_quant_bits': 4, 'quant_calibration': 'uncalibrated', 'quant_granularity': 'per_tensor', 'muon_backend_steps': 5, 'train_batch_tokens': 131072, 'tied_embed_init_std': 0.005, 'max_wallclock_seconds': 0, 'muon_momentum_warmup_start': 0.85, 'muon_momentum_warmup_steps': 500}",quant_design_4_per_tensor_asymmetric_uncalibrated_seed1337,finished,2026-05-07T18:55:25Z,mhsrfyl4
"{'_runtime': 2702, '_step': 5000, '_timestamp': 1778185578.3946009, '_wandb': {'runtime': 2702}, 'final_val_bpb': 6.186364907525208, 'final_val_loss': 10.445418010062198, 'lr_scale': 0.0013333333333333333, 'quant_baseline_bytes': 67191072, 'quant_compression_ratio': 3.938450717104291, 'quant_file_bytes': 6189236, 'quant_int8_payload_bytes': 17060280, 'quant_num_float_tensors': 92, 'quant_param_count': 17059912, 'tokens_seen': 655360000, 'train_loss': 2.130460739135742, 'val_bpb': 1.307615294771758, 'val_loss': 2.20785365144354}","{'seed': 42, 'beta1': 0.9, 'beta2': 0.95, 'seeds': [42], 'run_id': 'quant_design_4_per_tensor_asymmetric_uncalibrated_seed42', 'head_lr': 0.008, 'adam_eps': 1e-08, 'embed_lr': 0.6, 'mlp_mult': 2, 'data_path': './data/datasets/fineweb10B_sp1024', 'matrix_lr': 0.04, 'model_dim': 512, 'num_heads': 8, 'rope_base': 10000, 'scalar_lr': 0.04, 'val_files': './data/datasets/fineweb10B_sp1024/fineweb_val_*.bin', 'iterations': 5000, 'num_layers': 9, 'vocab_size': 1024, 'base_run_id': 'quant_design_4_per_tensor_asymmetric_uncalibrated', 'train_files': './data/datasets/fineweb10B_sp1024/fineweb_train_*.bin', 'num_kv_heads': 4, 'qk_gain_init': 1.5, 'warmup_steps': 20, 'logit_softcap': 30, 'muon_momentum': 0.95, 'tied_embed_lr': 0.05, 'train_seq_len': 1024, 'grad_clip_norm': 0, 'quant_symmetry': 'asymmetric', 'tie_embeddings': True, 'tokenizer_path': './data/tokenizers/fineweb_1024_bpe.model', 'val_batch_size': 524288, 'val_loss_every': 500, 'warmdown_iters': 750, 'train_log_every': 200, 'matrix_quant_bits': 4, 'quant_calibration': 'uncalibrated', 'quant_granularity': 'per_tensor', 'muon_backend_steps': 5, 'train_batch_tokens': 131072, 'tied_embed_init_std': 0.005, 'max_wallclock_seconds': 0, 'muon_momentum_warmup_start': 0.85, 'muon_momentum_warmup_steps': 500}",quant_design_4_per_tensor_asymmetric_uncalibrated_seed42,finished,2026-05-07T19:41:15Z,c7mrxw0q
"{'_runtime': 2702, '_step': 5000, '_timestamp': 1778188333.649111, '_wandb': {'runtime': 2702}, 'final_val_bpb': 8.393619268334163, 'final_val_loss': 14.17227454016064, 'lr_scale': 0.0013333333333333333, 'quant_baseline_bytes': 67191072, 'quant_compression_ratio': 3.938450717104291, 'quant_file_bytes': 6152490, 'quant_int8_payload_bytes': 17060280, 'quant_num_float_tensors': 92, 'quant_param_count': 17059912, 'tokens_seen': 655360000, 'train_loss': 2.1262686252593994, 'val_bpb': 1.3055581236037943, 'val_loss': 2.204380204097832}","{'seed': 123, 'beta1': 0.9, 'beta2': 0.95, 'seeds': [123], 'run_id': 'quant_design_4_per_tensor_asymmetric_uncalibrated_seed123', 'head_lr': 0.008, 'adam_eps': 1e-08, 'embed_lr': 0.6, 'mlp_mult': 2, 'data_path': './data/datasets/fineweb10B_sp1024', 'matrix_lr': 0.04, 'model_dim': 512, 'num_heads': 8, 'rope_base': 10000, 'scalar_lr': 0.04, 'val_files': './data/datasets/fineweb10B_sp1024/fineweb_val_*.bin', 'iterations': 5000, 'num_layers': 9, 'vocab_size': 1024, 'base_run_id': 'quant_design_4_per_tensor_asymmetric_uncalibrated', 'train_files': './data/datasets/fineweb10B_sp1024/fineweb_train_*.bin', 'num_kv_heads': 4, 'qk_gain_init': 1.5, 'warmup_steps': 20, 'logit_softcap': 30, 'muon_momentum': 0.95, 'tied_embed_lr': 0.05, 'train_seq_len': 1024, 'grad_clip_norm': 0, 'quant_symmetry': 'asymmetric', 'tie_embeddings': True, 'tokenizer_path': './data/tokenizers/fineweb_1024_bpe.model', 'val_batch_size': 524288, 'val_loss_every': 500, 'warmdown_iters': 750, 'train_log_every': 200, 'matrix_quant_bits': 4, 'quant_calibration': 'uncalibrated', 'quant_granularity': 'per_tensor', 'muon_backend_steps': 5, 'train_batch_tokens': 131072, 'tied_embed_init_std': 0.005, 'max_wallclock_seconds': 0, 'muon_momentum_warmup_start': 0.85, 'muon_momentum_warmup_steps': 500}",quant_design_4_per_tensor_asymmetric_uncalibrated_seed123,finished,2026-05-07T20:27:10Z,a4opy9qc
"{'_runtime': 2702, '_step': 5000, '_timestamp': 1778191084.224481, '_wandb': {'runtime': 2702}, 'final_val_bpb': 6.728589228826888, 'final_val_loss': 11.360941063726363, 'lr_scale': 0.0013333333333333333, 'quant_baseline_bytes': 67191072, 'quant_compression_ratio': 3.938450717104291, 'quant_file_bytes': 6282287, 'quant_int8_payload_bytes': 17060280, 'quant_num_float_tensors': 92, 'quant_param_count': 17059912, 'tokens_seen': 655360000, 'train_loss': 2.12676739692688, 'val_bpb': 1.306470706368435, 'val_loss': 2.205921061869389}","{'seed': 1337, 'beta1': 0.9, 'beta2': 0.95, 'seeds': [1337], 'run_id': 'quant_design_4_per_tensor_asymmetric_percentile_seed1337', 'head_lr': 0.008, 'adam_eps': 1e-08, 'embed_lr': 0.6, 'mlp_mult': 2, 'data_path': './data/datasets/fineweb10B_sp1024', 'matrix_lr': 0.04, 'model_dim': 512, 'num_heads': 8, 'rope_base': 10000, 'scalar_lr': 0.04, 'val_files': './data/datasets/fineweb10B_sp1024/fineweb_val_*.bin', 'iterations': 5000, 'num_layers': 9, 'vocab_size': 1024, 'base_run_id': 'quant_design_4_per_tensor_asymmetric_percentile', 'train_files': './data/datasets/fineweb10B_sp1024/fineweb_train_*.bin', 'num_kv_heads': 4, 'qk_gain_init': 1.5, 'warmup_steps': 20, 'logit_softcap': 30, 'muon_momentum': 0.95, 'tied_embed_lr': 0.05, 'train_seq_len': 1024, 'grad_clip_norm': 0, 'quant_symmetry': 'asymmetric', 'tie_embeddings': True, 'tokenizer_path': './data/tokenizers/fineweb_1024_bpe.model', 'val_batch_size': 524288, 'val_loss_every': 500, 'warmdown_iters': 750, 'train_log_every': 200, 'matrix_quant_bits': 4, 'quant_calibration': 'percentile', 'quant_granularity': 'per_tensor', 'muon_backend_steps': 5, 'train_batch_tokens': 131072, 'tied_embed_init_std': 0.005, 'max_wallclock_seconds': 0, 'muon_momentum_warmup_start': 0.85, 'muon_momentum_warmup_steps': 500}",quant_design_4_per_tensor_asymmetric_percentile_seed1337,finished,2026-05-07T21:13:01Z,jag5wj5k
"{'_runtime': 2698, '_step': 5000, '_timestamp': 1778193831.081922, '_wandb': {'runtime': 2698}, 'final_val_bpb': 7.223976770678771, 'final_val_loss': 12.197382177202504, 'lr_scale': 0.0013333333333333333, 'quant_baseline_bytes': 67191072, 'quant_compression_ratio': 3.938450717104291, 'quant_file_bytes': 6222763, 'quant_int8_payload_bytes': 17060280, 'quant_num_float_tensors': 92, 'quant_param_count': 17059912, 'tokens_seen': 655360000, 'train_loss': 2.1313631534576416, 'val_bpb': 1.3076493623451704, 'val_loss': 2.2079111731142147}","{'seed': 42, 'beta1': 0.9, 'beta2': 0.95, 'seeds': [42], 'run_id': 'quant_design_4_per_tensor_asymmetric_percentile_seed42', 'head_lr': 0.008, 'adam_eps': 1e-08, 'embed_lr': 0.6, 'mlp_mult': 2, 'data_path': './data/datasets/fineweb10B_sp1024', 'matrix_lr': 0.04, 'model_dim': 512, 'num_heads': 8, 'rope_base': 10000, 'scalar_lr': 0.04, 'val_files': './data/datasets/fineweb10B_sp1024/fineweb_val_*.bin', 'iterations': 5000, 'num_layers': 9, 'vocab_size': 1024, 'base_run_id': 'quant_design_4_per_tensor_asymmetric_percentile', 'train_files': './data/datasets/fineweb10B_sp1024/fineweb_train_*.bin', 'num_kv_heads': 4, 'qk_gain_init': 1.5, 'warmup_steps': 20, 'logit_softcap': 30, 'muon_momentum': 0.95, 'tied_embed_lr': 0.05, 'train_seq_len': 1024, 'grad_clip_norm': 0, 'quant_symmetry': 'asymmetric', 'tie_embeddings': True, 'tokenizer_path': './data/tokenizers/fineweb_1024_bpe.model', 'val_batch_size': 524288, 'val_loss_every': 500, 'warmdown_iters': 750, 'train_log_every': 200, 'matrix_quant_bits': 4, 'quant_calibration': 'percentile', 'quant_granularity': 'per_tensor', 'muon_backend_steps': 5, 'train_batch_tokens': 131072, 'tied_embed_init_std': 0.005, 'max_wallclock_seconds': 0, 'muon_momentum_warmup_start': 0.85, 'muon_momentum_warmup_steps': 500}",quant_design_4_per_tensor_asymmetric_percentile_seed42,finished,2026-05-07T21:58:52Z,u71izizr
"{'_runtime': 2702, '_step': 5000, '_timestamp': 1778196584.8037655, '_wandb': {'runtime': 2702}, 'final_val_bpb': 10.183750347039709, 'final_val_loss': 17.194835881011645, 'lr_scale': 0.0013333333333333333, 'quant_baseline_bytes': 67191072, 'quant_compression_ratio': 3.938450717104291, 'quant_file_bytes': 6273103, 'quant_int8_payload_bytes': 17060280, 'quant_num_float_tensors': 92, 'quant_param_count': 17059912, 'tokens_seen': 655360000, 'train_loss': 2.1257920265197754, 'val_bpb': 1.3052832641860197, 'val_loss': 2.203916115484312}","{'seed': 123, 'beta1': 0.9, 'beta2': 0.95, 'seeds': [123], 'run_id': 'quant_design_4_per_tensor_asymmetric_percentile_seed123', 'head_lr': 0.008, 'adam_eps': 1e-08, 'embed_lr': 0.6, 'mlp_mult': 2, 'data_path': './data/datasets/fineweb10B_sp1024', 'matrix_lr': 0.04, 'model_dim': 512, 'num_heads': 8, 'rope_base': 10000, 'scalar_lr': 0.04, 'val_files': './data/datasets/fineweb10B_sp1024/fineweb_val_*.bin', 'iterations': 5000, 'num_layers': 9, 'vocab_size': 1024, 'base_run_id': 'quant_design_4_per_tensor_asymmetric_percentile', 'train_files': './data/datasets/fineweb10B_sp1024/fineweb_train_*.bin', 'num_kv_heads': 4, 'qk_gain_init': 1.5, 'warmup_steps': 20, 'logit_softcap': 30, 'muon_momentum': 0.95, 'tied_embed_lr': 0.05, 'train_seq_len': 1024, 'grad_clip_norm': 0, 'quant_symmetry': 'asymmetric', 'tie_embeddings': True, 'tokenizer_path': './data/tokenizers/fineweb_1024_bpe.model', 'val_batch_size': 524288, 'val_loss_every': 500, 'warmdown_iters': 750, 'train_log_every': 200, 'matrix_quant_bits': 4, 'quant_calibration': 'percentile', 'quant_granularity': 'per_tensor', 'muon_backend_steps': 5, 'train_batch_tokens': 131072, 'tied_embed_init_std': 0.005, 'max_wallclock_seconds': 0, 'muon_momentum_warmup_start': 0.85, 'muon_momentum_warmup_steps': 500}",quant_design_4_per_tensor_asymmetric_percentile_seed123,finished,2026-05-07T22:44:41Z,7yzji9wa
"{'_runtime': 2692, '_step': 5000, '_timestamp': 1778199331.5208056, '_wandb': {'runtime': 2692}, 'final_val_bpb': 2.60974867843672, 'final_val_loss': 4.4064513256111795, 'lr_scale': 0.0013333333333333333, 'quant_baseline_bytes': 67191072, 'quant_compression_ratio': 3.925306448265999, 'quant_file_bytes': 7813333, 'quant_int8_payload_bytes': 17117408, 'quant_num_float_tensors': 92, 'quant_param_count': 17059912, 'tokens_seen': 655360000, 'train_loss': 2.1287622451782227, 'val_bpb': 1.3067393881132738, 'val_loss': 2.2063747197409285}","{'seed': 1337, 'beta1': 0.9, 'beta2': 0.95, 'seeds': [1337], 'run_id': 'quant_design_4_per_channel_symmetric_uncalibrated_seed1337', 'head_lr': 0.008, 'adam_eps': 1e-08, 'embed_lr': 0.6, 'mlp_mult': 2, 'data_path': './data/datasets/fineweb10B_sp1024', 'matrix_lr': 0.04, 'model_dim': 512, 'num_heads': 8, 'rope_base': 10000, 'scalar_lr': 0.04, 'val_files': './data/datasets/fineweb10B_sp1024/fineweb_val_*.bin', 'iterations': 5000, 'num_layers': 9, 'vocab_size': 1024, 'base_run_id': 'quant_design_4_per_channel_symmetric_uncalibrated', 'train_files': './data/datasets/fineweb10B_sp1024/fineweb_train_*.bin', 'num_kv_heads': 4, 'qk_gain_init': 1.5, 'warmup_steps': 20, 'logit_softcap': 30, 'muon_momentum': 0.95, 'tied_embed_lr': 0.05, 'train_seq_len': 1024, 'grad_clip_norm': 0, 'quant_symmetry': 'symmetric', 'tie_embeddings': True, 'tokenizer_path': './data/tokenizers/fineweb_1024_bpe.model', 'val_batch_size': 524288, 'val_loss_every': 500, 'warmdown_iters': 750, 'train_log_every': 200, 'matrix_quant_bits': 4, 'quant_calibration': 'uncalibrated', 'quant_granularity': 'per_channel', 'muon_backend_steps': 5, 'train_batch_tokens': 131072, 'tied_embed_init_std': 0.005, 'max_wallclock_seconds': 0, 'muon_momentum_warmup_start': 0.85, 'muon_momentum_warmup_steps': 500}",quant_design_4_per_channel_symmetric_uncalibrated_seed1337,finished,2026-05-07T23:30:33Z,ueniak4p
"{'_runtime': 2688, '_step': 5000, '_timestamp': 1778202069.1197386, '_wandb': {'runtime': 2688}, 'final_val_bpb': 2.5701607956556094, 'final_val_loss': 4.339608843804288, 'lr_scale': 0.0013333333333333333, 'quant_baseline_bytes': 67191072, 'quant_compression_ratio': 3.925306448265999, 'quant_file_bytes': 7814961, 'quant_int8_payload_bytes': 17117408, 'quant_num_float_tensors': 92, 'quant_param_count': 17059912, 'tokens_seen': 655360000, 'train_loss': 2.1308305263519287, 'val_bpb': 1.3079137403336398, 'val_loss': 2.2083575642734012}","{'seed': 42, 'beta1': 0.9, 'beta2': 0.95, 'seeds': [42], 'run_id': 'quant_design_4_per_channel_symmetric_uncalibrated_seed42', 'head_lr': 0.008, 'adam_eps': 1e-08, 'embed_lr': 0.6, 'mlp_mult': 2, 'data_path': './data/datasets/fineweb10B_sp1024', 'matrix_lr': 0.04, 'model_dim': 512, 'num_heads': 8, 'rope_base': 10000, 'scalar_lr': 0.04, 'val_files': './data/datasets/fineweb10B_sp1024/fineweb_val_*.bin', 'iterations': 5000, 'num_layers': 9, 'vocab_size': 1024, 'base_run_id': 'quant_design_4_per_channel_symmetric_uncalibrated', 'train_files': './data/datasets/fineweb10B_sp1024/fineweb_train_*.bin', 'num_kv_heads': 4, 'qk_gain_init': 1.5, 'warmup_steps': 20, 'logit_softcap': 30, 'muon_momentum': 0.95, 'tied_embed_lr': 0.05, 'train_seq_len': 1024, 'grad_clip_norm': 0, 'quant_symmetry': 'symmetric', 'tie_embeddings': True, 'tokenizer_path': './data/tokenizers/fineweb_1024_bpe.model', 'val_batch_size': 524288, 'val_loss_every': 500, 'warmdown_iters': 750, 'train_log_every': 200, 'matrix_quant_bits': 4, 'quant_calibration': 'uncalibrated', 'quant_granularity': 'per_channel', 'muon_backend_steps': 5, 'train_batch_tokens': 131072, 'tied_embed_init_std': 0.005, 'max_wallclock_seconds': 0, 'muon_momentum_warmup_start': 0.85, 'muon_momentum_warmup_steps': 500}",quant_design_4_per_channel_symmetric_uncalibrated_seed42,finished,2026-05-08T00:16:20Z,ohd4yrec
"{'_runtime': 2689, '_step': 5000, '_timestamp': 1778204808.7879035, '_wandb': {'runtime': 2689}, 'final_val_bpb': 2.544665517756326, 'final_val_loss': 4.296561135025136, 'lr_scale': 0.0013333333333333333, 'quant_baseline_bytes': 67191072, 'quant_compression_ratio': 3.925306448265999, 'quant_file_bytes': 7823574, 'quant_int8_payload_bytes': 17117408, 'quant_num_float_tensors': 92, 'quant_param_count': 17059912, 'tokens_seen': 655360000, 'train_loss': 2.1245076656341553, 'val_bpb': 1.305133515509569, 'val_loss': 2.203663271116842}","{'seed': 123, 'beta1': 0.9, 'beta2': 0.95, 'seeds': [123], 'run_id': 'quant_design_4_per_channel_symmetric_uncalibrated_seed123', 'head_lr': 0.008, 'adam_eps': 1e-08, 'embed_lr': 0.6, 'mlp_mult': 2, 'data_path': './data/datasets/fineweb10B_sp1024', 'matrix_lr': 0.04, 'model_dim': 512, 'num_heads': 8, 'rope_base': 10000, 'scalar_lr': 0.04, 'val_files': './data/datasets/fineweb10B_sp1024/fineweb_val_*.bin', 'iterations': 5000, 'num_layers': 9, 'vocab_size': 1024, 'base_run_id': 'quant_design_4_per_channel_symmetric_uncalibrated', 'train_files': './data/datasets/fineweb10B_sp1024/fineweb_train_*.bin', 'num_kv_heads': 4, 'qk_gain_init': 1.5, 'warmup_steps': 20, 'logit_softcap': 30, 'muon_momentum': 0.95, 'tied_embed_lr': 0.05, 'train_seq_len': 1024, 'grad_clip_norm': 0, 'quant_symmetry': 'symmetric', 'tie_embeddings': True, 'tokenizer_path': './data/tokenizers/fineweb_1024_bpe.model', 'val_batch_size': 524288, 'val_loss_every': 500, 'warmdown_iters': 750, 'train_log_every': 200, 'matrix_quant_bits': 4, 'quant_calibration': 'uncalibrated', 'quant_granularity': 'per_channel', 'muon_backend_steps': 5, 'train_batch_tokens': 131072, 'tied_embed_init_std': 0.005, 'max_wallclock_seconds': 0, 'muon_momentum_warmup_start': 0.85, 'muon_momentum_warmup_steps': 500}",quant_design_4_per_channel_symmetric_uncalibrated_seed123,finished,2026-05-08T01:01:58Z,oiwo29kf
"{'_runtime': 2683, '_step': 5000, '_timestamp': 1778207541.1125317, '_wandb': {'runtime': 2683}, 'final_val_bpb': 2.575456460150517, 'final_val_loss': 4.34855035147757, 'lr_scale': 0.0013333333333333333, 'quant_baseline_bytes': 67191072, 'quant_compression_ratio': 3.925306448265999, 'quant_file_bytes': 7812420, 'quant_int8_payload_bytes': 17117408, 'quant_num_float_tensors': 92, 'quant_param_count': 17059912, 'tokens_seen': 655360000, 'train_loss': 2.128737449645996, 'val_bpb': 1.3065105650591105, 'val_loss': 2.205988361598982}","{'seed': 1337, 'beta1': 0.9, 'beta2': 0.95, 'seeds': [1337], 'run_id': 'quant_design_4_per_channel_symmetric_percentile_seed1337', 'head_lr': 0.008, 'adam_eps': 1e-08, 'embed_lr': 0.6, 'mlp_mult': 2, 'data_path': './data/datasets/fineweb10B_sp1024', 'matrix_lr': 0.04, 'model_dim': 512, 'num_heads': 8, 'rope_base': 10000, 'scalar_lr': 0.04, 'val_files': './data/datasets/fineweb10B_sp1024/fineweb_val_*.bin', 'iterations': 5000, 'num_layers': 9, 'vocab_size': 1024, 'base_run_id': 'quant_design_4_per_channel_symmetric_percentile', 'train_files': './data/datasets/fineweb10B_sp1024/fineweb_train_*.bin', 'num_kv_heads': 4, 'qk_gain_init': 1.5, 'warmup_steps': 20, 'logit_softcap': 30, 'muon_momentum': 0.95, 'tied_embed_lr': 0.05, 'train_seq_len': 1024, 'grad_clip_norm': 0, 'quant_symmetry': 'symmetric', 'tie_embeddings': True, 'tokenizer_path': './data/tokenizers/fineweb_1024_bpe.model', 'val_batch_size': 524288, 'val_loss_every': 500, 'warmdown_iters': 750, 'train_log_every': 200, 'matrix_quant_bits': 4, 'quant_calibration': 'percentile', 'quant_granularity': 'per_channel', 'muon_backend_steps': 5, 'train_batch_tokens': 131072, 'tied_embed_init_std': 0.005, 'max_wallclock_seconds': 0, 'muon_momentum_warmup_start': 0.85, 'muon_momentum_warmup_steps': 500}",quant_design_4_per_channel_symmetric_percentile_seed1337,finished,2026-05-08T01:47:37Z,fhaeinlm
"{'_runtime': 2688, '_step': 5000, '_timestamp': 1778210277.5791647, '_wandb': {'runtime': 2688}, 'final_val_bpb': 2.626618602764362, 'final_val_loss': 4.434935486185993, 'lr_scale': 0.0013333333333333333, 'quant_baseline_bytes': 67191072, 'quant_compression_ratio': 3.925306448265999, 'quant_file_bytes': 7814663, 'quant_int8_payload_bytes': 17117408, 'quant_num_float_tensors': 92, 'quant_param_count': 17059912, 'tokens_seen': 655360000, 'train_loss': 2.1298413276672363, 'val_bpb': 1.3080769606040128, 'val_loss': 2.2086331548629072}","{'seed': 42, 'beta1': 0.9, 'beta2': 0.95, 'seeds': [42], 'run_id': 'quant_design_4_per_channel_symmetric_percentile_seed42', 'head_lr': 0.008, 'adam_eps': 1e-08, 'embed_lr': 0.6, 'mlp_mult': 2, 'data_path': './data/datasets/fineweb10B_sp1024', 'matrix_lr': 0.04, 'model_dim': 512, 'num_heads': 8, 'rope_base': 10000, 'scalar_lr': 0.04, 'val_files': './data/datasets/fineweb10B_sp1024/fineweb_val_*.bin', 'iterations': 5000, 'num_layers': 9, 'vocab_size': 1024, 'base_run_id': 'quant_design_4_per_channel_symmetric_percentile', 'train_files': './data/datasets/fineweb10B_sp1024/fineweb_train_*.bin', 'num_kv_heads': 4, 'qk_gain_init': 1.5, 'warmup_steps': 20, 'logit_softcap': 30, 'muon_momentum': 0.95, 'tied_embed_lr': 0.05, 'train_seq_len': 1024, 'grad_clip_norm': 0, 'quant_symmetry': 'symmetric', 'tie_embeddings': True, 'tokenizer_path': './data/tokenizers/fineweb_1024_bpe.model', 'val_batch_size': 524288, 'val_loss_every': 500, 'warmdown_iters': 750, 'train_log_every': 200, 'matrix_quant_bits': 4, 'quant_calibration': 'percentile', 'quant_granularity': 'per_channel', 'muon_backend_steps': 5, 'train_batch_tokens': 131072, 'tied_embed_init_std': 0.005, 'max_wallclock_seconds': 0, 'muon_momentum_warmup_start': 0.85, 'muon_momentum_warmup_steps': 500}",quant_design_4_per_channel_symmetric_percentile_seed42,finished,2026-05-08T02:33:08Z,gnsikaad
"{'_runtime': 2688, '_step': 5000, '_timestamp': 1778213014.9547544, '_wandb': {'runtime': 2688}, 'final_val_bpb': 2.6379478118514452, 'final_val_loss': 4.454064381168251, 'lr_scale': 0.0013333333333333333, 'quant_baseline_bytes': 67191072, 'quant_compression_ratio': 3.925306448265999, 'quant_file_bytes': 7822381, 'quant_int8_payload_bytes': 17117408, 'quant_num_float_tensors': 92, 'quant_param_count': 17059912, 'tokens_seen': 655360000, 'train_loss': 2.124523878097534, 'val_bpb': 1.305101978639274, 'val_loss': 2.203610022432375}","{'seed': 123, 'beta1': 0.9, 'beta2': 0.95, 'seeds': [123], 'run_id': 'quant_design_4_per_channel_symmetric_percentile_seed123', 'head_lr': 0.008, 'adam_eps': 1e-08, 'embed_lr': 0.6, 'mlp_mult': 2, 'data_path': './data/datasets/fineweb10B_sp1024', 'matrix_lr': 0.04, 'model_dim': 512, 'num_heads': 8, 'rope_base': 10000, 'scalar_lr': 0.04, 'val_files': './data/datasets/fineweb10B_sp1024/fineweb_val_*.bin', 'iterations': 5000, 'num_layers': 9, 'vocab_size': 1024, 'base_run_id': 'quant_design_4_per_channel_symmetric_percentile', 'train_files': './data/datasets/fineweb10B_sp1024/fineweb_train_*.bin', 'num_kv_heads': 4, 'qk_gain_init': 1.5, 'warmup_steps': 20, 'logit_softcap': 30, 'muon_momentum': 0.95, 'tied_embed_lr': 0.05, 'train_seq_len': 1024, 'grad_clip_norm': 0, 'quant_symmetry': 'symmetric', 'tie_embeddings': True, 'tokenizer_path': './data/tokenizers/fineweb_1024_bpe.model', 'val_batch_size': 524288, 'val_loss_every': 500, 'warmdown_iters': 750, 'train_log_every': 200, 'matrix_quant_bits': 4, 'quant_calibration': 'percentile', 'quant_granularity': 'per_channel', 'muon_backend_steps': 5, 'train_batch_tokens': 131072, 'tied_embed_init_std': 0.005, 'max_wallclock_seconds': 0, 'muon_momentum_warmup_start': 0.85, 'muon_momentum_warmup_steps': 500}",quant_design_4_per_channel_symmetric_percentile_seed123,finished,2026-05-08T03:18:45Z,6x0lngm5
"{'_runtime': 2687, '_step': 5000, '_timestamp': 1778215750.3063674, '_wandb': {'runtime': 2687}, 'final_val_bpb': 5.136058653550001, 'final_val_loss': 8.672019895765965, 'lr_scale': 0.0013333333333333333, 'quant_baseline_bytes': 67191072, 'quant_compression_ratio': 3.925306448265999, 'quant_file_bytes': 8343514, 'quant_int8_payload_bytes': 17117408, 'quant_num_float_tensors': 92, 'quant_param_count': 17059912, 'tokens_seen': 655360000, 'train_loss': 2.1276819705963135, 'val_bpb': 1.3058612277341242, 'val_loss': 2.204891982725378}","{'seed': 1337, 'beta1': 0.9, 'beta2': 0.95, 'seeds': [1337], 'run_id': 'quant_design_4_per_channel_asymmetric_uncalibrated_seed1337', 'head_lr': 0.008, 'adam_eps': 1e-08, 'embed_lr': 0.6, 'mlp_mult': 2, 'data_path': './data/datasets/fineweb10B_sp1024', 'matrix_lr': 0.04, 'model_dim': 512, 'num_heads': 8, 'rope_base': 10000, 'scalar_lr': 0.04, 'val_files': './data/datasets/fineweb10B_sp1024/fineweb_val_*.bin', 'iterations': 5000, 'num_layers': 9, 'vocab_size': 1024, 'base_run_id': 'quant_design_4_per_channel_asymmetric_uncalibrated', 'train_files': './data/datasets/fineweb10B_sp1024/fineweb_train_*.bin', 'num_kv_heads': 4, 'qk_gain_init': 1.5, 'warmup_steps': 20, 'logit_softcap': 30, 'muon_momentum': 0.95, 'tied_embed_lr': 0.05, 'train_seq_len': 1024, 'grad_clip_norm': 0, 'quant_symmetry': 'asymmetric', 'tie_embeddings': True, 'tokenizer_path': './data/tokenizers/fineweb_1024_bpe.model', 'val_batch_size': 524288, 'val_loss_every': 500, 'warmdown_iters': 750, 'train_log_every': 200, 'matrix_quant_bits': 4, 'quant_calibration': 'uncalibrated', 'quant_granularity': 'per_channel', 'muon_backend_steps': 5, 'train_batch_tokens': 131072, 'tied_embed_init_std': 0.005, 'max_wallclock_seconds': 0, 'muon_momentum_warmup_start': 0.85, 'muon_momentum_warmup_steps': 500}",quant_design_4_per_channel_asymmetric_uncalibrated_seed1337,finished,2026-05-08T04:04:22Z,akfmvnt0
"{'_runtime': 2686, '_step': 5000, '_timestamp': 1778218488.2107408, '_wandb': {'runtime': 2686}, 'final_val_bpb': 4.321495391155229, 'final_val_loss': 7.296663947880717, 'lr_scale': 0.0013333333333333333, 'quant_baseline_bytes': 67191072, 'quant_compression_ratio': 3.925306448265999, 'quant_file_bytes': 8344952, 'quant_int8_payload_bytes': 17117408, 'quant_num_float_tensors': 92, 'quant_param_count': 17059912, 'tokens_seen': 655360000, 'train_loss': 2.131186008453369, 'val_bpb': 1.3077832078720266, 'val_loss': 2.20813716567975}","{'seed': 42, 'beta1': 0.9, 'beta2': 0.95, 'seeds': [42], 'run_id': 'quant_design_4_per_channel_asymmetric_uncalibrated_seed42', 'head_lr': 0.008, 'adam_eps': 1e-08, 'embed_lr': 0.6, 'mlp_mult': 2, 'data_path': './data/datasets/fineweb10B_sp1024', 'matrix_lr': 0.04, 'model_dim': 512, 'num_heads': 8, 'rope_base': 10000, 'scalar_lr': 0.04, 'val_files': './data/datasets/fineweb10B_sp1024/fineweb_val_*.bin', 'iterations': 5000, 'num_layers': 9, 'vocab_size': 1024, 'base_run_id': 'quant_design_4_per_channel_asymmetric_uncalibrated', 'train_files': './data/datasets/fineweb10B_sp1024/fineweb_train_*.bin', 'num_kv_heads': 4, 'qk_gain_init': 1.5, 'warmup_steps': 20, 'logit_softcap': 30, 'muon_momentum': 0.95, 'tied_embed_lr': 0.05, 'train_seq_len': 1024, 'grad_clip_norm': 0, 'quant_symmetry': 'asymmetric', 'tie_embeddings': True, 'tokenizer_path': './data/tokenizers/fineweb_1024_bpe.model', 'val_batch_size': 524288, 'val_loss_every': 500, 'warmdown_iters': 750, 'train_log_every': 200, 'matrix_quant_bits': 4, 'quant_calibration': 'uncalibrated', 'quant_granularity': 'per_channel', 'muon_backend_steps': 5, 'train_batch_tokens': 131072, 'tied_embed_init_std': 0.005, 'max_wallclock_seconds': 0, 'muon_momentum_warmup_start': 0.85, 'muon_momentum_warmup_steps': 500}",quant_design_4_per_channel_asymmetric_uncalibrated_seed42,finished,2026-05-08T04:50:01Z,icf20n30
"{'_runtime': 2688, '_step': 5000, '_timestamp': 1778221224.8491871, '_wandb': {'runtime': 2688}, 'final_val_bpb': 4.0694846558386555, 'final_val_loss': 6.871154377599355, 'lr_scale': 0.0013333333333333333, 'quant_baseline_bytes': 67191072, 'quant_compression_ratio': 3.925306448265999, 'quant_file_bytes': 8355133, 'quant_int8_payload_bytes': 17117408, 'quant_num_float_tensors': 92, 'quant_param_count': 17059912, 'tokens_seen': 655360000, 'train_loss': 2.1255645751953125, 'val_bpb': 1.30523468708518, 'val_loss': 2.203834095084357}","{'seed': 123, 'beta1': 0.9, 'beta2': 0.95, 'seeds': [123], 'run_id': 'quant_design_4_per_channel_asymmetric_uncalibrated_seed123', 'head_lr': 0.008, 'adam_eps': 1e-08, 'embed_lr': 0.6, 'mlp_mult': 2, 'data_path': './data/datasets/fineweb10B_sp1024', 'matrix_lr': 0.04, 'model_dim': 512, 'num_heads': 8, 'rope_base': 10000, 'scalar_lr': 0.04, 'val_files': './data/datasets/fineweb10B_sp1024/fineweb_val_*.bin', 'iterations': 5000, 'num_layers': 9, 'vocab_size': 1024, 'base_run_id': 'quant_design_4_per_channel_asymmetric_uncalibrated', 'train_files': './data/datasets/fineweb10B_sp1024/fineweb_train_*.bin', 'num_kv_heads': 4, 'qk_gain_init': 1.5, 'warmup_steps': 20, 'logit_softcap': 30, 'muon_momentum': 0.95, 'tied_embed_lr': 0.05, 'train_seq_len': 1024, 'grad_clip_norm': 0, 'quant_symmetry': 'asymmetric', 'tie_embeddings': True, 'tokenizer_path': './data/tokenizers/fineweb_1024_bpe.model', 'val_batch_size': 524288, 'val_loss_every': 500, 'warmdown_iters': 750, 'train_log_every': 200, 'matrix_quant_bits': 4, 'quant_calibration': 'uncalibrated', 'quant_granularity': 'per_channel', 'muon_backend_steps': 5, 'train_batch_tokens': 131072, 'tied_embed_init_std': 0.005, 'max_wallclock_seconds': 0, 'muon_momentum_warmup_start': 0.85, 'muon_momentum_warmup_steps': 500}",quant_design_4_per_channel_asymmetric_uncalibrated_seed123,finished,2026-05-08T05:35:36Z,9yncrn62
"{'_runtime': 2687, '_step': 5000, '_timestamp': 1778223962.6216743, '_wandb': {'runtime': 2687}, 'final_val_bpb': 4.56806881522835, 'final_val_loss': 7.712992845887222, 'lr_scale': 0.0013333333333333333, 'quant_baseline_bytes': 67191072, 'quant_compression_ratio': 3.925306448265999, 'quant_file_bytes': 8347463, 'quant_int8_payload_bytes': 17117408, 'quant_num_float_tensors': 92, 'quant_param_count': 17059912, 'tokens_seen': 655360000, 'train_loss': 2.128129005432129, 'val_bpb': 1.306529085022387, 'val_loss': 2.2060196317812046}","{'seed': 1337, 'beta1': 0.9, 'beta2': 0.95, 'seeds': [1337], 'run_id': 'quant_design_4_per_channel_asymmetric_percentile_seed1337', 'head_lr': 0.008, 'adam_eps': 1e-08, 'embed_lr': 0.6, 'mlp_mult': 2, 'data_path': './data/datasets/fineweb10B_sp1024', 'matrix_lr': 0.04, 'model_dim': 512, 'num_heads': 8, 'rope_base': 10000, 'scalar_lr': 0.04, 'val_files': './data/datasets/fineweb10B_sp1024/fineweb_val_*.bin', 'iterations': 5000, 'num_layers': 9, 'vocab_size': 1024, 'base_run_id': 'quant_design_4_per_channel_asymmetric_percentile', 'train_files': './data/datasets/fineweb10B_sp1024/fineweb_train_*.bin', 'num_kv_heads': 4, 'qk_gain_init': 1.5, 'warmup_steps': 20, 'logit_softcap': 30, 'muon_momentum': 0.95, 'tied_embed_lr': 0.05, 'train_seq_len': 1024, 'grad_clip_norm': 0, 'quant_symmetry': 'asymmetric', 'tie_embeddings': True, 'tokenizer_path': './data/tokenizers/fineweb_1024_bpe.model', 'val_batch_size': 524288, 'val_loss_every': 500, 'warmdown_iters': 750, 'train_log_every': 200, 'matrix_quant_bits': 4, 'quant_calibration': 'percentile', 'quant_granularity': 'per_channel', 'muon_backend_steps': 5, 'train_batch_tokens': 131072, 'tied_embed_init_std': 0.005, 'max_wallclock_seconds': 0, 'muon_momentum_warmup_start': 0.85, 'muon_momentum_warmup_steps': 500}",quant_design_4_per_channel_asymmetric_percentile_seed1337,finished,2026-05-08T06:21:14Z,tx3mcbm7
"{'_runtime': 2684, '_step': 5000, '_timestamp': 1778226698.789236, '_wandb': {'runtime': 2684}, 'final_val_bpb': 4.325913098377775, 'final_val_loss': 7.304123061475752, 'lr_scale': 0.0013333333333333333, 'quant_baseline_bytes': 67191072, 'quant_compression_ratio': 3.925306448265999, 'quant_file_bytes': 8346749, 'quant_int8_payload_bytes': 17117408, 'quant_num_float_tensors': 92, 'quant_param_count': 17059912, 'tokens_seen': 655360000, 'train_loss': 2.1292977333068848, 'val_bpb': 1.3081369664436138, 'val_loss': 2.208734472209531}","{'seed': 42, 'beta1': 0.9, 'beta2': 0.95, 'seeds': [42], 'run_id': 'quant_design_4_per_channel_asymmetric_percentile_seed42', 'head_lr': 0.008, 'adam_eps': 1e-08, 'embed_lr': 0.6, 'mlp_mult': 2, 'data_path': './data/datasets/fineweb10B_sp1024', 'matrix_lr': 0.04, 'model_dim': 512, 'num_heads': 8, 'rope_base': 10000, 'scalar_lr': 0.04, 'val_files': './data/datasets/fineweb10B_sp1024/fineweb_val_*.bin', 'iterations': 5000, 'num_layers': 9, 'vocab_size': 1024, 'base_run_id': 'quant_design_4_per_channel_asymmetric_percentile', 'train_files': './data/datasets/fineweb10B_sp1024/fineweb_train_*.bin', 'num_kv_heads': 4, 'qk_gain_init': 1.5, 'warmup_steps': 20, 'logit_softcap': 30, 'muon_momentum': 0.95, 'tied_embed_lr': 0.05, 'train_seq_len': 1024, 'grad_clip_norm': 0, 'quant_symmetry': 'asymmetric', 'tie_embeddings': True, 'tokenizer_path': './data/tokenizers/fineweb_1024_bpe.model', 'val_batch_size': 524288, 'val_loss_every': 500, 'warmdown_iters': 750, 'train_log_every': 200, 'matrix_quant_bits': 4, 'quant_calibration': 'percentile', 'quant_granularity': 'per_channel', 'muon_backend_steps': 5, 'train_batch_tokens': 131072, 'tied_embed_init_std': 0.005, 'max_wallclock_seconds': 0, 'muon_momentum_warmup_start': 0.85, 'muon_momentum_warmup_steps': 500}",quant_design_4_per_channel_asymmetric_percentile_seed42,finished,2026-05-08T07:06:53Z,lauoa3tq
"{'_runtime': 2339, '_step': 5000, '_timestamp': 1778230104.7438788, 'final_val_bpb': 3.969539319461553, 'final_val_loss': 6.7024008636666075, 'lr_scale': 0.0013333333333333333, 'quant_baseline_bytes': 67191072, 'quant_compression_ratio': 3.925306448265999, 'quant_file_bytes': 8346158, 'quant_int8_payload_bytes': 17117408, 'quant_num_float_tensors': 92, 'quant_param_count': 17059912, 'tokens_seen': 655360000, 'train_loss': 2.126006603240967, 'val_bpb': 1.305276086533878, 'val_loss': 2.2039039963193305}","{'seed': 123, 'beta1': 0.9, 'beta2': 0.95, 'seeds': [123], 'run_id': 'quant_design_4_per_channel_asymmetric_percentile_seed123', 'head_lr': 0.008, 'adam_eps': 1e-08, 'embed_lr': 0.6, 'mlp_mult': 2, 'data_path': './data/datasets/fineweb10B_sp1024', 'matrix_lr': 0.04, 'model_dim': 512, 'num_heads': 8, 'rope_base': 10000, 'scalar_lr': 0.04, 'val_files': './data/datasets/fineweb10B_sp1024/fineweb_val_*.bin', 'iterations': 5000, 'num_layers': 9, 'vocab_size': 1024, 'base_run_id': 'quant_design_4_per_channel_asymmetric_percentile', 'train_files': './data/datasets/fineweb10B_sp1024/fineweb_train_*.bin', 'num_kv_heads': 4, 'qk_gain_init': 1.5, 'warmup_steps': 20, 'logit_softcap': 30, 'muon_momentum': 0.95, 'tied_embed_lr': 0.05, 'train_seq_len': 1024, 'grad_clip_norm': 0, 'quant_symmetry': 'asymmetric', 'tie_embeddings': True, 'tokenizer_path': './data/tokenizers/fineweb_1024_bpe.model', 'val_batch_size': 524288, 'val_loss_every': 500, 'warmdown_iters': 750, 'train_log_every': 200, 'matrix_quant_bits': 4, 'quant_calibration': 'percentile', 'quant_granularity': 'per_channel', 'muon_backend_steps': 5, 'train_batch_tokens': 131072, 'tied_embed_init_std': 0.005, 'max_wallclock_seconds': 0, 'muon_momentum_warmup_start': 0.85, 'muon_momentum_warmup_steps': 500}",quant_design_4_per_channel_asymmetric_percentile_seed123,finished,2026-05-08T09:07:45Z,rwqjz35j
